-- MySQL dump 10.13 Distrib 8.0.19, for Win64 (x86_64)
--
-- Host: localhost Database: ciclismo
-- ------------------------------------------------------
-- Server version 8.0.19

/*!40101 SET @OLD_CHARACTER_SET_CLIENT=@@CHARACTER_SET_CLIENT */;
/*!40101 SET @OLD_CHARACTER_SET_RESULTS=@@CHARACTER_SET_RESULTS */;
/*!40101 SET @OLD_COLLATION_CONNECTION=@@COLLATION_CONNECTION */;
/*!50503 SET NAMES utf8 */;
/*!40103 SET @OLD_TIME_ZONE=@@TIME_ZONE */;
/*!40103 SET TIME_ZONE='+00:00' */;
/*!40014 SET @OLD_UNIQUE_CHECKS=@@UNIQUE_CHECKS, UNIQUE_CHECKS=0 */;
/*!40014 SET @OLD_FOREIGN_KEY_CHECKS=@@FOREIGN_KEY_CHECKS, FOREIGN_KEY_CHECKS=0 */;
/*!40101 SET @OLD_SQL_MODE=@@SQL_MODE, SQL_MODE='NO_AUTO_VALUE_ON_ZERO' */;
/*!40111 SET @OLD_SQL_NOTES=@@SQL_NOTES, SQL_NOTES=0 */;

--
-- Table structure for table `ciclista`
--

DROP TABLE IF EXISTS `ciclista`;
/*!40101 SET @saved_cs_client = @@character_set_client */;
/*!50503 SET character_set_client = utf8mb4 */;
CREATE TABLE `ciclista` (
`IdCiclista` int NOT NULL AUTO_INCREMENT,
`Nome` char(20) DEFAULT NULL,
`Nazione` char(30) DEFAULT NULL,
`Età` int DEFAULT NULL,
PRIMARY KEY (`IdCiclista`)
) ENGINE=InnoDB AUTO_INCREMENT=1001 DEFAULT CHARSET=utf8mb4 COLLATE=utf8mb4_0900_ai_ci;
/*!40101 SET character_set_client = @saved_cs_client */;

--
-- Dumping data for table `ciclista`
--

LOCK TABLES `ciclista` WRITE;
/*!40000 ALTER TABLE `ciclista` DISABLE KEYS */;
INSERT INTO `ciclista` VALUES (1,'Rhodie','Portugal',35),(2,'Victor','Portugal',31),(3,'Walther','Portugal',34),(4,'Terra','Portugal',24),(5,'Loydie','Portugal',24),(6,'Mathilde','Portugal',23),(7,'Bradford','Finland',25),(8,'Shirlee','France',20),(9,'Cammy','France',35),(10,'Orren','France',23),(11,'Ewart','France',19),(12,'Nedda','Portugal',24),(13,'Carolann','Portugal',22),(14,'Evered','France',31),(15,'Justine','Portugal',31),(16,'Hillery','France',35),(17,'Xymenes','Portugal',25),(18,'Bud','France',31),(19,'Ellene','Germany',19),(20,'Mirabella','Portugal',20),(21,'Engracia','France',24),(22,'Tuck','Portugal',30),(23,'Stella','Portugal',35),(24,'Jannelle','Portugal',34),(25,'Jim','Croatia',24),(26,'Rowan','France',35),(27,'Dania','Finland',22),(28,'Megen','France',27),(29,'Deni','Portugal',21),(30,'Lewie','Belgium',32),(31,'Esme','Germany',35),(32,'Tracee','Portugal',21),(33,'Mersey','France',23),(34,'Jarib','France',31),(35,'Joelie','Portugal',33),(36,'Stefano','Italy',20),(37,'Clarance','France',19),(38,'Rina','Portugal',23),(39,'Amelita','Germany',21),(40,'Donnell','Portugal',32),(41,'Harlan','Portugal',29),(42,'Marita','Croatia',33),(43,'Sibelle','Portugal',23),(44,'Art','France',30),(45,'Jayme','France',34),(46,'Annora','Portugal',35),(47,'Christen','France',20),(48,'Lorain','France',23),(49,'Hyacinthe','Croatia',34),(50,'Rufus','Portugal',23),(51,'Clerissa','France',25),(52,'Jess','Portugal',21),(53,'Reamonn','Germany',27),(54,'Urson','Germany',28),(55,'Gerald','Croatia',25),(56,'Zita','Portugal',33),(57,'Dasya','France',26),(58,'Brinn','Portugal',19),(59,'Rianon','Portugal',22),(60,'Barbie','Portugal',21),(61,'Tove','France',30),(62,'Ninon','Portugal',21),(63,'Gilbertine','France',29),(64,'Aymer','Portugal',33),(65,'Josi','France',35),(66,'Walsh','Croatia',34),(67,'Marcelia','Portugal',23),(68,'Margery','Portugal',19),(69,'Hastie','Portugal',23),(70,'Jeri','France',22),(71,'Ingrid','Germany',20),(72,'Shana','Portugal',21),(73,'Karin','Portugal',24),(74,'Pia','Portugal',19),(75,'Nealon','Portugal',26),(76,'Isabeau','Portugal',35),(77,'Con','France',25),(78,'Lynelle','France',19),(79,'Adrianna','Finland',24),(80,'Edyth','Portugal',21),(81,'Dottie','France',27),(82,'Hally','France',18),(83,'Albertina','France',33),(84,'Timi','Croatia',30),(85,'Rosanna','France',24),(86,'Addie','Croatia',35),(87,'Tim','France',18),(88,'Oralee','France',21),(89,'Carree','Germany',21),(90,'Neill','Portugal',34),(91,'Howey','Portugal',30),(92,'Levey','Portugal',31),(93,'Frasco','Germany',30),(94,'Orelie','Portugal',30),(95,'Daffie','Portugal',27),(96,'Penni','France',24),(97,'Rosaline','Portugal',25),(98,'Rosabella','France',18),(99,'Shanan','Finland',34),(100,'Jobi','France',34),(101,'Jenda','Portugal',33),(102,'Bethany','Finland',30),(103,'Floyd','Portugal',29),(104,'Gordy','France',32),(105,'Sylvan','France',31),(106,'Viviyan','France',34),(107,'Hussein','France',28),(108,'Ellen','Portugal',18),(109,'Johny','Portugal',35),(110,'Theo','France',25),(111,'Merrie','France',24),(112,'Katrina','France',19),(113,'Silva','Portugal',20),(114,'Marget','Portugal',29),(115,'Stace','France',32),(116,'Christel','Germany',18),(117,'Dulsea','Croatia',30),(118,'Odilia','France',30),(119,'Rob','Portugal',20),(120,'Verla','Portugal',35),(121,'Vita','Finland',35),(122,'Rurik','Portugal',21),(123,'Marjory','Portugal',20),(124,'Robbie','Portugal',22),(125,'Issiah','Portugal',25),(126,'Care','Germany',20),(127,'Nicola','France',28),(128,'Shellysheldon','France',24),(129,'Bill','Croatia',34),(130,'Bennie','Croatia',34),(131,'Adolpho','Portugal',18),(132,'Cynthea','Portugal',28),(133,'Ashly','Finland',30),(134,'Myrah','Portugal',20),(135,'Gaultiero','Portugal',22),(136,'Siffre','Portugal',20),(137,'Pedro','France',21),(138,'Darcy','Portugal',35),(139,'Harley','Portugal',18),(140,'Desmund','Croatia',32),(141,'Brittney','Portugal',22),(142,'Fredrika','Croatia',23),(143,'Barbi','Portugal',35),(144,'Randell','France',35),(145,'Annalee','France',21),(146,'Erica','Portugal',22),(147,'Lilllie','Portugal',26),(148,'Phillida','France',21),(149,'Roland','France',22),(150,'Trudy','France',30),(151,'Selina','France',25),(152,'Cobbie','France',20),(153,'Valdemar','France',27),(154,'Dareen','Croatia',30),(155,'Ludvig','Finland',22),(156,'Valma','Portugal',35),(157,'Romain','France',22),(158,'Elianora','Portugal',19),(159,'Brigida','France',25),(160,'Lorant','France',22),(161,'Kynthia','Portugal',35),(162,'Faydra','France',32),(163,'Leila','Portugal',28),(164,'Ernestus','Germany',29),(165,'Merilee','France',20),(166,'Ceil','Portugal',22),(167,'Roland','France',34),(168,'Izabel','Portugal',22),(169,'Hastings','Portugal',23),(170,'Adrian','Belgium',23),(171,'Jacinda','Portugal',24),(172,'Janis','France',19),(173,'Atlante','Portugal',29),(174,'Dov','Croatia',29),(175,'Darill','Portugal',29),(176,'Freddy','Portugal',24),(177,'Katalin','France',21),(178,'Izaak','Portugal',21),(179,'Krishnah','Portugal',20),(180,'Jonell','Finland',29),(181,'Norry','France',35),(182,'Chloris','France',34),(183,'Davida','France',26),(184,'Hillier','Croatia',24),(185,'Brooke','France',26),(186,'Britteny','France',26),(187,'Hastie','France',24),(188,'Laurena','Portugal',22),(189,'Marj','Portugal',28),(190,'Zsazsa','Portugal',33),(191,'Tomi','France',35),(192,'Kaycee','France',31),(193,'Layne','Portugal',26),(194,'Dalton','Croatia',28),(195,'Ramonda','France',18),(196,'Benito','France',25),(197,'Martita','Portugal',27),(198,'Frederique','France',24),(199,'Myrtie','France',33),(200,'Kasey','Portugal',31),(201,'Stafani','Portugal',26),(202,'Yovonnda','Portugal',27),(203,'Abagael','Portugal',18),(204,'Borg','Portugal',23),(205,'Eleanor','Finland',24),(206,'Kasper','France',23),(207,'Tish','Portugal',26),(208,'Tadeas','Germany',31),(209,'Hewett','Portugal',18),(210,'Kev','France',26),(211,'Elmer','Portugal',33),(212,'Reggie','Portugal',32),(213,'Rosalinde','France',23),(214,'Angelica','Portugal',23),(215,'Joyann','Portugal',35),(216,'Margi','Croatia',19),(217,'Querida','Portugal',28),(218,'Artemus','Germany',18),(219,'Joellen','Finland',18),(220,'Lidia','Finland',19),(221,'Merl','Portugal',18),(222,'Gwendolen','Italy',22),(223,'Monte','France',29),(224,'Allyson','France',24),(225,'Case','Portugal',20),(226,'Linn','Germany',33),(227,'Derry','Portugal',25),(228,'Benedikt','Portugal',31),(229,'Willi','Portugal',33),(230,'Cleavland','Croatia',18),(231,'Tim','Portugal',19),(232,'Gerri','Portugal',33),(233,'Nickolas','France',19),(234,'Auria','Finland',32),(235,'Garvey','Croatia',27),(236,'El','Germany',33),(237,'Tynan','France',27),(238,'Jimmy','Croatia',24),(239,'Gilburt','France',20),(240,'Joell','France',24),(241,'Dolly','Portugal',33),(242,'Geordie','France',34),(243,'Trista','Finland',20),(244,'Billye','France',28),(245,'Margo','Portugal',19),(246,'Ivonne','Portugal',27),(247,'Pia','Croatia',22),(248,'Madelyn','Portugal',25),(249,'Nerissa','Portugal',25),(250,'Bertram','France',28),(251,'Locke','Portugal',34),(252,'Ashely','France',25),(253,'Marena','Portugal',23),(254,'Fleurette','Portugal',18),(255,'Brendin','France',23),(256,'Kathye','Portugal',28),(257,'Earlie','Portugal',33),(258,'Emery','France',31),(259,'Tamra','Portugal',24),(260,'Marlo','France',35),(261,'Jobina','Portugal',28),(262,'Gypsy','France',30),(263,'Brantley','Croatia',32),(264,'Rosina','France',22),(265,'Jacquie','France',32),(266,'Riley','France',30),(267,'Ellissa','Portugal',21),(268,'Isabelita','France',22),(269,'Juana','France',27),(270,'Liv','Finland',30),(271,'Coralie','Portugal',34),(272,'Justus','France',21),(273,'Allayne','Portugal',24),(274,'Minda','Finland',31),(275,'Paolina','Croatia',24),(276,'Samuel','France',24),(277,'Mechelle','Croatia',34),(278,'Lacie','Germany',21),(279,'Hildegaard','Portugal',19),(280,'Mozelle','France',29),(281,'Timmie','France',24),(282,'Alejoa','Portugal',19),(283,'Mickie','Portugal',32),(284,'Anthony','France',26),(285,'Lillis','Italy',29),(286,'Veradis','Portugal',33),(287,'Jerry','France',25),(288,'Caren','Portugal',30),(289,'Carolee','Portugal',33),(290,'Danya','Portugal',30),(291,'Lillian','Finland',25),(292,'Merrill','France',23),(293,'Florinda','France',24),(294,'Letta','Portugal',27),(295,'Kyla','France',28),(296,'Ginger','Portugal',24),(297,'Denise','Portugal',20),(298,'Aubine','Croatia',30),(299,'Bartholemy','France',31),(300,'Stevena','Portugal',27),(301,'Enriqueta','France',20),(302,'Delilah','Portugal',22),(303,'Elka','France',19),(304,'Mariquilla','Portugal',32),(305,'Cordie','France',27),(306,'Kylie','France',20),(307,'Natalya','Portugal',28),(308,'Scarlet','France',25),(309,'Rene','Germany',31),(310,'Lida','Portugal',32),(311,'Petunia','Portugal',30),(312,'Skyler','France',18),(313,'Lisa','Portugal',23),(314,'Rosy','France',20),(315,'Georgiana','Portugal',21),(316,'Bell','Germany',31),(317,'Jolee','France',27),(318,'Fredric','Portugal',30),(319,'Dorey','France',28),(320,'Mireielle','Portugal',18),(321,'Torrance','France',34),(322,'Link','Portugal',23),(323,'Sophronia','France',33),(324,'Fulton','France',32),(325,'Matthus','Portugal',30),(326,'Rachel','France',27),(327,'Daniella','France',29),(328,'Nicky','France',18),(329,'Bryan','France',34),(330,'Christoph','Portugal',24),(331,'Lucius','Portugal',29),(332,'Broddie','Portugal',21),(333,'Clementia','Portugal',32),(334,'Toiboid','Portugal',34),(335,'Erek','Portugal',27),(336,'Reidar','Portugal',32),(337,'Lucine','France',32),(338,'Clea','Portugal',27),(339,'Margareta','Germany',23),(340,'Orv','France',27),(341,'Winifred','France',30),(342,'Geralda','Portugal',30),(343,'Shawn','Portugal',30),(344,'Georgeta','Portugal',28),(345,'Kizzee','France',25),(346,'Barrett','Portugal',26),(347,'Darb','Portugal',26),(348,'Libbi','France',29),(349,'Clem','Portugal',31),(350,'Olwen','Croatia',35),(351,'Fair','Portugal',23),(352,'Abigale','Croatia',28),(353,'Kala','Portugal',20),(354,'Wendall','France',22),(355,'Robena','Portugal',26),(356,'Ashli','France',21),(357,'Peria','Germany',33),(358,'Dyann','France',29),(359,'Tabbie','Portugal',28),(360,'Hedy','Croatia',18),(361,'Barn','Portugal',19),(362,'Wren','Portugal',24),(363,'Brandyn','Croatia',28),(364,'Gaye','France',34),(365,'Auria','France',19),(366,'Barb','France',24),(367,'Letti','Portugal',33),(368,'Giffard','France',30),(369,'Arlan','Portugal',23),(370,'Lesya','Portugal',26),(371,'Corrinne','Portugal',24),(372,'Christy','Portugal',29),(373,'Helli','France',24),(374,'Christopher','France',22),(375,'Artie','France',18),(376,'Ezekiel','France',33),(377,'Alanna','Portugal',30),(378,'Sabine','Portugal',30),(379,'Royce','France',28),(380,'Gar','Germany',23),(381,'William','France',23),(382,'Jeanette','Italy',33),(383,'Thia','France',29),(384,'Ailyn','Portugal',33),(385,'Zelig','France',18),(386,'Caryl','France',33),(387,'Sheffy','France',26),(388,'Kristy','Portugal',30),(389,'Zilvia','Croatia',19),(390,'Benny','Portugal',20),(391,'Ethelind','France',20),(392,'Barnard','Portugal',25),(393,'Dusty','Finland',18),(394,'Johny','France',24),(395,'Dido','Germany',20),(396,'Karalee','France',25),(397,'Cairistiona','Italy',29),(398,'Shel','Portugal',29),(399,'Angil','Croatia',22),(400,'Tasia','Portugal',24),(401,'Rockie','Portugal',20),(402,'Jayson','Finland',25),(403,'Valry','Portugal',20),(404,'Marna','Portugal',35),(405,'Meris','Italy',33),(406,'Carey','Portugal',23),(407,'Marji','Portugal',32),(408,'Aurea','France',35),(409,'Darryl','Portugal',29),(410,'Lauryn','France',18),(411,'Leanna','Portugal',25),(412,'Vladimir','France',21),(413,'Leora','France',27),(414,'Chucho','Finland',26),(415,'Phylys','Portugal',18),(416,'Chadd','Germany',35),(417,'Helen','Portugal',35),(418,'Charity','Portugal',35),(419,'Michail','Germany',24),(420,'Rogers','Croatia',25),(421,'Kipper','Finland',19),(422,'Hillel','France',22),(423,'Ronalda','Portugal',19),(424,'Cortie','Portugal',31),(425,'Bertrando','Portugal',32),(426,'Laney','France',19),(427,'Georgia','France',32),(428,'Pooh','Croatia',24),(429,'Analiese','Portugal',24),(430,'Thibaud','Germany',19),(431,'Weston','Portugal',27),(432,'Ralina','France',31),(433,'Sandye','France',25),(434,'Johnathan','Portugal',30),(435,'Skip','Germany',24),(436,'Dav','Finland',20),(437,'Oriana','Portugal',26),(438,'Tripp','Croatia',24),(439,'Guendolen','Portugal',26),(440,'Zolly','Portugal',32),(441,'Faye','Portugal',18),(442,'Derry','Portugal',27),(443,'Aloysia','Croatia',18),(444,'Charyl','France',34),(445,'Baron','Portugal',19),(446,'Edmund','Portugal',27),(447,'Geoff','France',18),(448,'Holly','France',25),(449,'Brewer','France',29),(450,'Xever','France',30),(451,'Rafaello','Portugal',26),(452,'Hastie','Portugal',21),(453,'Bamby','Italy',23),(454,'Freda','Germany',31),(455,'Jervis','Portugal',23),(456,'Debby','Portugal',26),(457,'Nadean','France',30),(458,'Shaine','France',35),(459,'Tristan','France',18),(460,'Veradis','France',33),(461,'Gene','France',33),(462,'Constancy','France',34),(463,'Abigail','France',35),(464,'Inga','France',31),(465,'Yardley','Croatia',19),(466,'Bax','Portugal',24),(467,'Winna','Portugal',21),(468,'Rosalinde','Portugal',34),(469,'Juieta','Portugal',28),(470,'Murdock','Portugal',19),(471,'Anders','France',24),(472,'Karie','France',27),(473,'Kaylil','France',27),(474,'Lesya','France',25),(475,'Mab','France',32),(476,'Christye','France',20),(477,'Erhard','Croatia',33),(478,'Gae','Portugal',26),(479,'Huntlee','France',29),(480,'Kippie','Portugal',23),(481,'Olive','France',30),(482,'Barrett','Portugal',20),(483,'Hilary','Germany',19),(484,'Dukie','France',34),(485,'Erhart','Portugal',24),(486,'Bobine','Finland',22),(487,'Jinny','Croatia',19),(488,'Godwin','France',31),(489,'Kassia','Portugal',31),(490,'Ferrel','France',26),(491,'Ollie','Croatia',27),(492,'Kendra','France',33),(493,'Albertine','Portugal',18),(494,'Archaimbaud','France',26),(495,'Raddy','Germany',34),(496,'Del','Portugal',24),(497,'Rosene','Croatia',18),(498,'Mildrid','Portugal',29),(499,'Kayne','France',34),(500,'Deni','France',31),(501,'Olvan','France',23),(502,'Arnaldo','Portugal',28),(503,'Dorri','France',23),(504,'Neville','Germany',31),(505,'Arlin','Portugal',25),(506,'Grange','Portugal',19),(507,'Husain','Germany',32),(508,'Porty','Portugal',35),(509,'Sibella','Portugal',25),(510,'Cherise','France',26),(511,'Madel','Portugal',32),(512,'Leroi','Portugal',31),(513,'Stavros','France',27),(514,'Elsy','France',34),(515,'Melli','Portugal',26),(516,'Bibby','Croatia',22),(517,'Verene','France',26),(518,'Virgie','Finland',19),(519,'Lynnea','France',33),(520,'Norah','France',20),(521,'Michail','Croatia',23),(522,'Artemas','Portugal',23),(523,'Myranda','Portugal',25),(524,'Dion','France',23),(525,'Aubrie','Portugal',22),(526,'Claresta','France',35),(527,'Roselin','Germany',26),(528,'Orin','France',25),(529,'Farrand','Portugal',35),(530,'Jerrilee','Germany',28),(531,'Mariska','Portugal',27),(532,'Angie','Croatia',18),(533,'Ottilie','Portugal',31),(534,'Clywd','France',21),(535,'Nanny','Portugal',21),(536,'Katy','France',34),(537,'Vidovic','Germany',20),(538,'Fara','Finland',18),(539,'Michail','Portugal',22),(540,'Venita','Portugal',22),(541,'Jody','France',25),(542,'Tami','Croatia',30),(543,'Arlyne','France',24),(544,'Guglielma','Portugal',27),(545,'Bertie','France',23),(546,'Ronni','France',32),(547,'Dareen','Portugal',19),(548,'Eileen','Portugal',34),(549,'Jaclyn','Croatia',18),(550,'Bearnard','France',21),(551,'Orin','France',22),(552,'Ursulina','France',35),(553,'Teddy','France',24),(554,'Katherine','France',20),(555,'Norman','Portugal',34),(556,'Lilli','Germany',18),(557,'Xylina','France',26),(558,'Magdalen','France',21),(559,'Ellswerth','France',33),(560,'Price','France',32),(561,'Arne','France',21),(562,'Terese','France',24),(563,'Stacie','Portugal',29),(564,'Cyndie','France',35),(565,'Thorstein','Portugal',22),(566,'Giuditta','France',29),(567,'Lucia','Portugal',27),(568,'Melli','France',28),(569,'Elsey','Portugal',31),(570,'Vera','France',34),(571,'Brander','Portugal',18),(572,'Inna','Finland',24),(573,'Nathalia','Portugal',23),(574,'Maye','France',23),(575,'Batholomew','Portugal',29),(576,'Licha','Portugal',33),(577,'Nertie','France',26),(578,'Tonye','Portugal',18),(579,'Aron','France',35),(580,'Andriana','France',34),(581,'Anna-maria','Portugal',25),(582,'Stephanus','Finland',33),(583,'Abie','France',19),(584,'Fenelia','Portugal',28),(585,'Josias','France',20),(586,'Shaine','Finland',31),(587,'Loren','France',22),(588,'Burty','France',18),(589,'Lawrence','France',34),(590,'Kalie','France',24),(591,'Ludwig','Portugal',20),(592,'Cathie','France',34),(593,'Jarid','France',27),(594,'Archy','Portugal',31),(595,'Jocelyne','Finland',21),(596,'Jasen','France',22),(597,'Audi','France',35),(598,'Rufus','France',23),(599,'Zerk','France',33),(600,'Daren','Croatia',25),(601,'Cassi','Portugal',35),(602,'Rodolph','Portugal',22),(603,'Ibbie','Portugal',27),(604,'Nerita','Portugal',31),(605,'Damita','Portugal',22),(606,'Philbert','Portugal',34),(607,'Jared','Portugal',20),(608,'Cammy','Portugal',28),(609,'Rahal','France',19),(610,'Alessandro','Croatia',34),(611,'Cathryn','France',21),(612,'Corbet','France',27),(613,'Bambi','France',32),(614,'Teressa','Portugal',23),(615,'Nancey','France',24),(616,'Cecilla','Croatia',21),(617,'Arlee','Portugal',22),(618,'Charil','France',31),(619,'Brod','France',27),(620,'Cari','France',33),(621,'Antoni','Finland',27),(622,'Trix','Finland',19),(623,'Mame','Croatia',20),(624,'Eduardo','France',35),(625,'Palmer','Portugal',28),(626,'Cecilio','Finland',18),(627,'Roland','Finland',22),(628,'Jessamyn','Portugal',28),(629,'Louella','Germany',32),(630,'Gonzalo','Finland',23),(631,'Kary','France',32),(632,'Reagan','France',33),(633,'Jamil','France',34),(634,'Kiah','France',33),(635,'Randall','France',28),(636,'Corrianne','Portugal',20),(637,'Noland','France',33),(638,'Wendell','Finland',18),(639,'Xena','France',28),(640,'Marco','Croatia',19),(641,'Garrot','France',34),(642,'Addy','France',19),(643,'Daisi','France',25),(644,'Shepard','France',20),(645,'Vinson','France',32),(646,'Ema','France',35),(647,'Chip','Portugal',29),(648,'Zenia','France',25),(649,'Rachael','Portugal',20),(650,'Delbert','Portugal',29),(651,'Joaquin','Germany',20),(652,'Corabella','Portugal',24),(653,'Vivia','France',30),(654,'Sharyl','Finland',23),(655,'Minerva','Portugal',20),(656,'Shani','Portugal',19),(657,'Yance','France',28),(658,'Titos','France',32),(659,'Clo','Portugal',31),(660,'Elwin','France',33),(661,'Kacie','France',20),(662,'Wain','France',31),(663,'Karol','France',25),(664,'Glynn','France',35),(665,'Kayle','Portugal',20),(666,'Taber','Germany',26),(667,'Andris','Italy',33),(668,'Arlene','Portugal',35),(669,'Thoma','Germany',31),(670,'Mortie','France',27),(671,'Umeko','France',19),(672,'Gaspard','Portugal',27),(673,'Fleming','Portugal',35),(674,'Vikki','Portugal',21),(675,'Marji','Portugal',22),(676,'Clarabelle','Portugal',21),(677,'Gretal','France',24),(678,'Matthias','France',27),(679,'Antonietta','Portugal',30),(680,'Sinclair','France',18),(681,'Lannie','France',19),(682,'Glad','Portugal',31),(683,'Sheri','Italy',24),(684,'Helsa','France',31),(685,'Marcelia','Portugal',31),(686,'Lulita','Finland',34),(687,'Walt','France',26),(688,'Spencer','France',24),(689,'Jan','Finland',33),(690,'Renard','Portugal',30),(691,'Dudley','France',27),(692,'Enos','France',32),(693,'Chere','France',32),(694,'Calvin','France',33),(695,'Minda','France',33),(696,'Tedman','Croatia',30),(697,'Lauryn','Portugal',23),(698,'Kaia','Portugal',21),(699,'Meridith','Portugal',28),(700,'Rhody','Finland',25),(701,'Elsey','Portugal',25),(702,'Mikel','France',34),(703,'Abbot','France',24),(704,'Faunie','Portugal',28),(705,'Tasia','Germany',33),(706,'Fair','Portugal',25),(707,'Neron','Portugal',29),(708,'Neila','France',18),(709,'Annmarie','Germany',33),(710,'Kurt','Germany',20),(711,'Bev','France',19),(712,'Kellsie','France',34),(713,'Dane','Finland',23),(714,'Morgen','France',21),(715,'Veriee','Portugal',25),(716,'Felic','Croatia',33),(717,'Luther','Portugal',32),(718,'Auroora','Portugal',25),(719,'Frederik','France',31),(720,'Vinnie','France',31),(721,'Tommy','Portugal',26),(722,'Carlyle','Portugal',18),(723,'Harland','Portugal',21),(724,'Skippy','Portugal',18),(725,'Tommy','France',25),(726,'Rab','France',18),(727,'Brena','Portugal',19),(728,'Bronny','Germany',31),(729,'Ynez','Portugal',28),(730,'Gregorio','France',25),(731,'Alexandra','Portugal',32),(732,'Malia','France',31),(733,'Zena','Croatia',22),(734,'Terry','Portugal',32),(735,'Izaak','Portugal',35),(736,'Constantine','France',35),(737,'Gerladina','Portugal',23),(738,'Dominga','Germany',24),(739,'Modestine','France',34),(740,'Faith','Germany',21),(741,'Andee','France',21),(742,'Horst','France',22),(743,'Stormie','Portugal',22),(744,'Etta','France',27),(745,'Merry','Portugal',35),(746,'Terry','Finland',20),(747,'Seline','France',29),(748,'Cybil','Portugal',30),(749,'Binny','Portugal',18),(750,'Maia','Portugal',18),(751,'Linn','France',25),(752,'Alayne','France',21),(753,'Dirk','Portugal',23),(754,'Thorvald','Portugal',33),(755,'Gizela','Portugal',32),(756,'Ambrose','Portugal',30),(757,'Billye','France',28),(758,'Sophey','Portugal',32),(759,'Brittney','Portugal',34),(760,'Joeann','Italy',20),(761,'Harriett','Finland',25),(762,'Wesley','France',33),(763,'Gil','France',20),(764,'Glyn','Croatia',22),(765,'Jephthah','Portugal',33),(766,'Free','Portugal',35),(767,'Rick','France',27),(768,'Denise','France',28),(769,'Madlen','Portugal',23),(770,'Stanfield','Portugal',30),(771,'Pascale','France',31),(772,'Albert','Portugal',29),(773,'Ignaz','France',21),(774,'Demeter','Portugal',30),(775,'Doll','Portugal',19),(776,'Bibby','Finland',21),(777,'Margalit','France',29),(778,'Corri','France',33),(779,'Vachel','Finland',22),(780,'Happy','Italy',19),(781,'Candy','Portugal',30),(782,'Jeniffer','Germany',29),(783,'Aeriel','Portugal',34),(784,'Tabatha','Finland',32),(785,'Janean','Portugal',19),(786,'Ludwig','Portugal',18),(787,'Ced','Portugal',32),(788,'Rochell','France',35),(789,'Arlena','Portugal',28),(790,'Emery','France',18),(791,'Joela','Croatia',26),(792,'Ferdinande','Portugal',20),(793,'Ash','Portugal',22),(794,'Early','France',22),(795,'Othello','France',24),(796,'Kippie','Portugal',21),(797,'Diandra','Portugal',29),(798,'Meredeth','Germany',32),(799,'Tobey','Portugal',31),(800,'Paula','France',32),(801,'Ashlee','Finland',30),(802,'Lorettalorna','France',24),(803,'Filmore','Belgium',28),(804,'Burgess','France',19),(805,'Shanon','Portugal',28),(806,'Danyelle','Portugal',30),(807,'Christabel','Finland',23),(808,'Dougy','France',20),(809,'Roth','Croatia',19),(810,'Ruy','Portugal',21),(811,'Anita','Croatia',29),(812,'Tiphanie','Portugal',23),(813,'Yvor','Portugal',34),(814,'Ely','France',35),(815,'Pernell','Portugal',19),(816,'Maryanna','France',29),(817,'Maude','France',26),(818,'Alia','France',26),(819,'Sammy','France',25),(820,'Helyn','France',33),(821,'Dyane','France',23),(822,'Ki','Portugal',19),(823,'Sybille','France',21),(824,'Magnum','Portugal',29),(825,'Hildy','Finland',18),(826,'Gerta','Portugal',24),(827,'Margalit','France',31),(828,'Sam','Portugal',26),(829,'Blancha','Finland',18),(830,'Miguelita','Portugal',35),(831,'Georges','France',31),(832,'Viole','Croatia',18),(833,'Reginauld','France',24),(834,'Thadeus','Portugal',28),(835,'Marwin','Finland',35),(836,'Stesha','France',22),(837,'Kizzee','France',30),(838,'Shannah','Portugal',27),(839,'Benedick','Portugal',20),(840,'Arleen','Portugal',20),(841,'Lonnard','Portugal',34),(842,'Bee','France',34),(843,'May','Portugal',20),(844,'Adrianne','Portugal',29),(845,'Christian','Portugal',30),(846,'Zebulon','Portugal',29),(847,'Ryan','France',24),(848,'Anderson','Portugal',32),(849,'Brien','France',33),(850,'Mellicent','France',21),(851,'Maximilianus','Croatia',27),(852,'Meta','Portugal',31),(853,'Grantley','Portugal',28),(854,'Sherline','France',30),(855,'Tobiah','Croatia',25),(856,'Gill','France',26),(857,'Harlie','Portugal',27),(858,'Kalila','France',18),(859,'Jeanna','Portugal',24),(860,'Fields','Germany',28),(861,'Margo','France',21),(862,'Shelby','France',29),(863,'Eloisa','France',21),(864,'Amos','Finland',29),(865,'Hilde','France',25),(866,'Davin','France',34),(867,'Rafael','France',22),(868,'James','Croatia',23),(869,'Jolene','Portugal',30),(870,'Kermit','France',19),(871,'Lyon','Portugal',24),(872,'Joni','France',30),(873,'Flossi','France',32),(874,'Chariot','Portugal',24),(875,'Doris','France',26),(876,'Bria','Portugal',22),(877,'Dalt','Finland',26),(878,'Deirdre','Finland',22),(879,'Deonne','Finland',25),(880,'Elisabetta','Portugal',31),(881,'Zaria','France',35),(882,'Kylie','Finland',24),(883,'Alexandros','Portugal',30),(884,'Catlin','Portugal',24),(885,'Ashly','Portugal',20),(886,'Skelly','Finland',31),(887,'Pryce','France',34),(888,'Hildegaard','Portugal',35),(889,'Ilyssa','Portugal',20),(890,'Noelle','Portugal',24),(891,'Bambie','Portugal',19),(892,'Valerye','France',29),(893,'Jojo','Croatia',33),(894,'Hilly','Portugal',25),(895,'Ky','Portugal',20),(896,'Tannie','France',35),(897,'Malissa','Portugal',29),(898,'Spense','France',28),(899,'Gussy','Germany',27),(900,'Laura','France',23),(901,'Kristin','Portugal',21),(902,'Myrilla','Portugal',25),(903,'Rees','Portugal',34),(904,'Damon','Portugal',19),(905,'Barri','France',24),(906,'Archie','France',22),(907,'Iosep','Portugal',29),(908,'Zsa zsa','Portugal',20),(909,'Halsey','Italy',32),(910,'Vanya','Italy',20),(911,'Gaby','Croatia',33),(912,'Gabi','France',33),(913,'Georg','France',33),(914,'Wylma','France',24),(915,'Philly','Portugal',32),(916,'Henryetta','France',29),(917,'Ninnette','France',29),(918,'Andriette','Portugal',30),(919,'Korrie','Croatia',26),(920,'Elane','France',27),(921,'Jerrome','France',30),(922,'Major','Germany',24),(923,'Jerrome','France',22),(924,'Northrup','Portugal',32),(925,'Margaretha','France',27),(926,'Lilllie','Germany',33),(927,'Demetris','Finland',30),(928,'Briant','Portugal',23),(929,'Allx','Portugal',24),(930,'Alfons','Portugal',23),(931,'Chantal','France',22),(932,'Nonna','Germany',23),(933,'Parrnell','Portugal',24),(934,'Butch','France',24),(935,'Jacquelin','Portugal',31),(936,'Loise','Portugal',32),(937,'Nicola','Portugal',29),(938,'Cari','Croatia',21),(939,'Corney','France',21),(940,'Sarah','Portugal',23),(941,'Roselle','Croatia',20),(942,'Henrie','Croatia',22),(943,'Lynelle','Portugal',22),(944,'Danette','Portugal',19),(945,'Frazier','France',20),(946,'Juditha','France',32),(947,'Chelsey','France',29),(948,'Trude','Portugal',28),(949,'Faina','France',28),(950,'Nichols','France',31),(951,'Karlis','France',25),(952,'Christie','France',25),(953,'Shaun','France',32),(954,'Rosabella','France',27),(955,'Agnese','France',33),(956,'Delmar','Croatia',19),(957,'Harry','France',30),(958,'Sherwynd','Portugal',20),(959,'Tamra','France',33),(960,'Sisile','France',30),(961,'Jasen','France',30),(962,'Dora','Croatia',19),(963,'Elberta','Croatia',27),(964,'Rivalee','France',35),(965,'Channa','Germany',21),(966,'Kaitlyn','France',19),(967,'Valry','Portugal',34),(968,'Karoly','France',33),(969,'Charleen','Portugal',31),(970,'Ola','Portugal',26),(971,'Elva','Croatia',29),(972,'Latrena','France',29),(973,'Aurea','France',21),(974,'Artair','Portugal',18),(975,'Sutherland','France',31),(976,'Floris','Portugal',35),(977,'Garald','Portugal',19),(978,'Vinny','Portugal',32),(979,'Adriano','Croatia',19),(980,'Gillian','France',31),(981,'Waylon','Portugal',30),(982,'Scotty','Portugal',30),(983,'Haroun','Portugal',23),(984,'Helga','France',24),(985,'Swen','Portugal',26),(986,'Woodie','Italy',21),(987,'Ado','Portugal',21),(988,'Marylee','Croatia',20),(989,'Tori','France',35),(990,'Enrica','Portugal',35),(991,'Nollie','France',31),(992,'Celinka','France',22),(993,'Philippine','Croatia',18),(994,'Morie','France',35),(995,'Dorolisa','France',21),(996,'Nelie','Finland',34),(997,'Whitman','France',30),(998,'Belita','France',18),(999,'Clea','France',22),(1000,'Nickie','France',24);
/*!40000 ALTER TABLE `ciclista` ENABLE KEYS */;
UNLOCK TABLES;

--
-- Table structure for table `gara`
--

DROP TABLE IF EXISTS `gara`;
/*!40101 SET @saved_cs_client = @@character_set_client */;
/*!50503 SET character_set_client = utf8mb4 */;
CREATE TABLE `gara` (
`IdGara` int NOT NULL AUTO_INCREMENT,
`Nazione` char(20) DEFAULT NULL,
`Lunghezza` int DEFAULT NULL,
PRIMARY KEY (`IdGara`)
) ENGINE=InnoDB AUTO_INCREMENT=1001 DEFAULT CHARSET=utf8mb4 COLLATE=utf8mb4_0900_ai_ci;
/*!40101 SET character_set_client = @saved_cs_client */;

--
-- Dumping data for table `gara`
--

LOCK TABLES `gara` WRITE;
/*!40000 ALTER TABLE `gara` DISABLE KEYS */;
INSERT INTO `gara` VALUES (1,'Greece',96),(2,'Sweden',72),(3,'Sweden',92),(4,'Greece',82),(5,'Portugal',117),(6,'Croatia',80),(7,'Portugal',98),(8,'France',79),(9,'Sweden',75),(10,'Finland',98),(11,'Norway',108),(12,'Finland',81),(13,'Greece',87),(14,'France',112),(15,'Switzerland',85),(16,'France',78),(17,'France',108),(18,'Greece',83),(19,'Luxembourg',91),(20,'Portugal',117),(21,'Italy',91),(22,'Croatia',113),(23,'Greece',99),(24,'Croatia',120),(25,'Sweden',107),(26,'Greece',109),(27,'France',114),(28,'France',108),(29,'Sweden',84),(30,'France',120),(31,'Portugal',81),(32,'Greece',97),(33,'France',110),(34,'France',107),(35,'Sweden',83),(36,'Portugal',94),(37,'Portugal',108),(38,'Finland',93),(39,'Portugal',111),(40,'Sweden',88),(41,'Portugal',102),(42,'France',93),(43,'Portugal',104),(44,'Croatia',109),(45,'Sweden',74),(46,'Germany',102),(47,'Sweden',80),(48,'Finland',89),(49,'France',95),(50,'France',76),(51,'Portugal',74),(52,'Portugal',92),(53,'France',106),(54,'Luxembourg',114),(55,'Portugal',117),(56,'Portugal',76),(57,'Greece',119),(58,'France',115),(59,'Portugal',112),(60,'Sweden',80),(61,'Portugal',104),(62,'Portugal',114),(63,'Luxembourg',81),(64,'France',71),(65,'Lithuania',81),(66,'France',93),(67,'France',82),(68,'Finland',101),(69,'Portugal',113),(70,'Portugal',79),(71,'Greece',93),(72,'Greece',73),(73,'Italy',90),(74,'Greece',118),(75,'Sweden',105),(76,'Portugal',81),(77,'Portugal',76),(78,'Portugal',76),(79,'France',107),(80,'Portugal',71),(81,'Germany',87),(82,'France',118),(83,'France',100),(84,'France',71),(85,'Sweden',75),(86,'Sweden',82),(87,'Portugal',72),(88,'Norway',119),(89,'Portugal',75),(90,'Portugal',109),(91,'Finland',117),(92,'Finland',95),(93,'Greece',116),(94,'Sweden',106),(95,'Portugal',80),(96,'France',116),(97,'Croatia',78),(98,'Sweden',87),(99,'Croatia',100),(100,'Lithuania',107),(101,'France',109),(102,'Greece',113),(103,'Portugal',95),(104,'France',110),(105,'France',95),(106,'France',100),(107,'Germany',106),(108,'Greece',75),(109,'Finland',116),(110,'Portugal',83),(111,'Sweden',109),(112,'Austria',75),(113,'Portugal',103),(114,'Sweden',93),(115,'Portugal',100),(116,'France',85),(117,'France',103),(118,'Croatia',81),(119,'Portugal',76),(120,'Finland',84),(121,'France',80),(122,'Portugal',86),(123,'Portugal',85),(124,'Sweden',102),(125,'Portugal',85),(126,'Greece',91),(127,'France',86),(128,'France',98),(129,'Sweden',79),(130,'France',98),(131,'Sweden',98),(132,'Portugal',84),(133,'Finland',98),(134,'Greece',119),(135,'Portugal',86),(136,'Sweden',93),(137,'Luxembourg',88),(138,'France',118),(139,'Greece',90),(140,'Sweden',82),(141,'Portugal',113),(142,'Sweden',101),(143,'Sweden',73),(144,'Denmark',99),(145,'France',91),(146,'Portugal',104),(147,'Finland',76),(148,'Germany',107),(149,'France',78),(150,'Portugal',92),(151,'Sweden',94),(152,'Greece',117),(153,'France',91),(154,'Sweden',100),(155,'Finland',87),(156,'Sweden',93),(157,'Portugal',82),(158,'Denmark',108),(159,'Portugal',92),(160,'Portugal',85),(161,'France',86),(162,'Portugal',102),(163,'Sweden',95),(164,'Sweden',119),(165,'France',73),(166,'Portugal',83),(167,'France',84),(168,'France',89),(169,'France',78),(170,'Sweden',109),(171,'France',82),(172,'Portugal',111),(173,'Luxembourg',73),(174,'Finland',89),(175,'Portugal',83),(176,'France',86),(177,'Sweden',87),(178,'Italy',79),(179,'Portugal',77),(180,'Norway',119),(181,'France',74),(182,'Portugal',120),(183,'Sweden',76),(184,'Finland',74),(185,'Sweden',118),(186,'France',118),(187,'France',75),(188,'France',112),(189,'Sweden',71),(190,'Greece',73),(191,'Portugal',104),(192,'Sweden',93),(193,'Portugal',105),(194,'Sweden',116),(195,'Sweden',111),(196,'Portugal',112),(197,'Portugal',84),(198,'Sweden',80),(199,'Croatia',86),(200,'Greece',78),(201,'Portugal',115),(202,'Sweden',80),(203,'Portugal',81),(204,'France',91),(205,'France',104),(206,'France',119),(207,'Portugal',108),(208,'Portugal',113),(209,'Greece',97),(210,'Greece',105),(211,'Denmark',85),(212,'Norway',80),(213,'France',115),(214,'Portugal',97),(215,'Sweden',96),(216,'Finland',84),(217,'France',84),(218,'France',112),(219,'Croatia',76),(220,'France',77),(221,'Greece',102),(222,'France',74),(223,'Sweden',71),(224,'France',76),(225,'France',113),(226,'Finland',106),(227,'Croatia',74),(228,'Germany',100),(229,'France',94),(230,'Italy',98),(231,'Portugal',120),(232,'Finland',72),(233,'Portugal',116),(234,'Portugal',109),(235,'Germany',89),(236,'Portugal',108),(237,'France',84),(238,'Greece',101),(239,'France',120),(240,'Portugal',76),(241,'Luxembourg',93),(242,'Greece',72),(243,'Sweden',115),(244,'Portugal',99),(245,'Finland',73),(246,'Finland',103),(247,'Portugal',106),(248,'Norway',94),(249,'Portugal',109),(250,'Portugal',80),(251,'Sweden',98),(252,'Norway',101),(253,'Portugal',118),(254,'France',79),(255,'Portugal',73),(256,'Portugal',91),(257,'Portugal',111),(258,'France',119),(259,'Sweden',79),(260,'Sweden',105),(261,'Finland',93),(262,'France',77),(263,'France',114),(264,'Sweden',117),(265,'France',80),(266,'France',110),(267,'Portugal',105),(268,'Portugal',80),(269,'Lithuania',80),(270,'Croatia',118),(271,'Germany',78),(272,'Sweden',93),(273,'Sweden',81),(274,'Portugal',92),(275,'Sweden',103),(276,'Sweden',72),(277,'Greece',114),(278,'Finland',115),(279,'France',89),(280,'Greece',97),(281,'Portugal',98),(282,'Greece',100),(283,'Sweden',113),(284,'Luxembourg',116),(285,'Sweden',112),(286,'Sweden',77),(287,'Germany',72),(288,'Croatia',116),(289,'Luxembourg',87),(290,'Sweden',86),(291,'Portugal',81),(292,'Greece',85),(293,'Sweden',99),(294,'Greece',109),(295,'Portugal',91),(296,'Portugal',107),(297,'Sweden',85),(298,'Sweden',97),(299,'France',92),(300,'Portugal',83),(301,'Portugal',81),(302,'Greece',84),(303,'Croatia',82),(304,'Sweden',92),(305,'Finland',111),(306,'Greece',116),(307,'Greece',107),(308,'France',117),(309,'France',110),(310,'Portugal',96),(311,'Portugal',86),(312,'France',95),(313,'France',96),(314,'Portugal',103),(315,'Portugal',94),(316,'France',118),(317,'Sweden',84),(318,'Croatia',90),(319,'Greece',119),(320,'Luxembourg',91),(321,'Croatia',101),(322,'Luxembourg',117),(323,'Finland',115),(324,'Greece',86),(325,'Norway',112),(326,'Croatia',99),(327,'France',115),(328,'Portugal',105),(329,'Sweden',79),(330,'Germany',87),(331,'Sweden',78),(332,'France',104),(333,'France',95),(334,'France',81),(335,'Sweden',91),(336,'Portugal',101),(337,'France',96),(338,'Germany',100),(339,'France',86),(340,'France',99),(341,'Croatia',94),(342,'France',102),(343,'Portugal',117),(344,'France',119),(345,'Portugal',110),(346,'Sweden',101),(347,'Denmark',85),(348,'Portugal',73),(349,'Sweden',72),(350,'Finland',102),(351,'Portugal',73),(352,'Sweden',111),(353,'Italy',82),(354,'Sweden',107),(355,'Greece',101),(356,'Croatia',85),(357,'Sweden',72),(358,'Portugal',102),(359,'Portugal',108),(360,'France',116),(361,'Portugal',91),(362,'Portugal',79),(363,'Portugal',97),(364,'Greece',115),(365,'Germany',79),(366,'Portugal',74),(367,'Sweden',85),(368,'Portugal',91),(369,'Sweden',111),(370,'Portugal',96),(371,'Finland',101),(372,'Greece',74),(373,'Greece',104),(374,'France',112),(375,'France',83),(376,'Portugal',99),(377,'Portugal',90),(378,'Portugal',90),(379,'Switzerland',77),(380,'Croatia',112),(381,'Sweden',100),(382,'Sweden',73),(383,'Sweden',94),(384,'France',83),(385,'France',77),(386,'Portugal',109),(387,'Norway',99),(388,'Norway',87),(389,'Portugal',83),(390,'Greece',113),(391,'France',84),(392,'Portugal',71),(393,'France',76),(394,'Sweden',104),(395,'Sweden',109),(396,'France',88),(397,'Portugal',114),(398,'France',77),(399,'France',103),(400,'Sweden',72),(401,'Norway',78),(402,'Sweden',117),(403,'Portugal',110),(404,'Finland',93),(405,'Finland',79),(406,'Germany',112),(407,'Sweden',104),(408,'France',113),(409,'Germany',119),(410,'Portugal',92),(411,'Sweden',103),(412,'Sweden',87),(413,'Finland',111),(414,'Greece',80),(415,'Sweden',81),(416,'Portugal',95),(417,'Portugal',101),(418,'France',115),(419,'Portugal',100),(420,'France',74),(421,'Portugal',95),(422,'France',88),(423,'Portugal',103),(424,'France',96),(425,'Greece',108),(426,'France',97),(427,'Sweden',74),(428,'Sweden',102),(429,'Portugal',101),(430,'Germany',76),(431,'France',71),(432,'Germany',80),(433,'Finland',87),(434,'Portugal',116),(435,'Greece',90),(436,'Sweden',100),(437,'Greece',73),(438,'Greece',76),(439,'France',110),(440,'Sweden',112),(441,'France',77),(442,'Finland',104),(443,'Sweden',99),(444,'Portugal',98),(445,'France',86),(446,'Lithuania',106),(447,'Portugal',76),(448,'Finland',93),(449,'Portugal',77),(450,'Greece',78),(451,'Sweden',104),(452,'Portugal',99),(453,'Germany',119),(454,'Sweden',83),(455,'France',120),(456,'Norway',72),(457,'Portugal',83),(458,'Finland',93),(459,'France',87),(460,'Sweden',115),(461,'Sweden',102),(462,'Portugal',106),(463,'Sweden',107),(464,'Portugal',114),(465,'France',109),(466,'Germany',111),(467,'Germany',92),(468,'Greece',85),(469,'Portugal',110),(470,'Portugal',98),(471,'France',73),(472,'France',87),(473,'France',72),(474,'France',100),(475,'Finland',76),(476,'Croatia',118),(477,'Greece',81),(478,'Portugal',120),(479,'Portugal',98),(480,'France',108),(481,'Germany',75),(482,'Portugal',100),(483,'Sweden',97),(484,'France',116),(485,'Sweden',97),(486,'France',98),(487,'Sweden',110),(488,'Finland',83),(489,'Sweden',107),(490,'Croatia',87),(491,'Portugal',91),(492,'Norway',117),(493,'Croatia',93),(494,'Portugal',114),(495,'Norway',88),(496,'Greece',93),(497,'Finland',79),(498,'Portugal',72),(499,'Portugal',80),(500,'Greece',99),(501,'Portugal',116),(502,'Greece',110),(503,'Croatia',77),(504,'Portugal',94),(505,'Croatia',75),(506,'Norway',102),(507,'Croatia',113),(508,'Sweden',80),(509,'Portugal',90),(510,'Portugal',71),(511,'Norway',99),(512,'Denmark',117),(513,'Sweden',95),(514,'Greece',103),(515,'France',94),(516,'Sweden',109),(517,'Sweden',84),(518,'Portugal',80),(519,'France',100),(520,'Portugal',111),(521,'Norway',108),(522,'France',77),(523,'Greece',73),(524,'Portugal',82),(525,'Sweden',114),(526,'Sweden',89),(527,'Norway',109),(528,'Croatia',88),(529,'Sweden',94),(530,'Portugal',91),(531,'France',109),(532,'France',74),(533,'Sweden',75),(534,'Norway',119),(535,'Portugal',101),(536,'Portugal',75),(537,'Norway',109),(538,'France',118),(539,'Denmark',73),(540,'Portugal',100),(541,'Greece',98),(542,'Sweden',93),(543,'France',81),(544,'France',105),(545,'Portugal',72),(546,'France',115),(547,'Croatia',101),(548,'Portugal',85),(549,'Sweden',108),(550,'Portugal',104),(551,'Sweden',92),(552,'Portugal',98),(553,'Portugal',75),(554,'Portugal',90),(555,'France',103),(556,'France',111),(557,'Sweden',84),(558,'France',71),(559,'Sweden',90),(560,'Portugal',109),(561,'Portugal',95),(562,'France',93),(563,'Portugal',114),(564,'Switzerland',81),(565,'Luxembourg',74),(566,'Italy',85),(567,'Sweden',106),(568,'Greece',75),(569,'Sweden',86),(570,'Italy',87),(571,'France',75),(572,'France',75),(573,'Portugal',104),(574,'Portugal',76),(575,'Portugal',78),(576,'Portugal',75),(577,'Greece',104),(578,'Portugal',94),(579,'Portugal',92),(580,'Finland',79),(581,'Greece',96),(582,'Croatia',107),(583,'France',72),(584,'France',106),(585,'France',109),(586,'France',95),(587,'France',119),(588,'Greece',101),(589,'France',119),(590,'Portugal',92),(591,'Portugal',112),(592,'Germany',116),(593,'Sweden',78),(594,'Greece',82),(595,'Sweden',83),(596,'Greece',115),(597,'Germany',82),(598,'Portugal',95),(599,'Sweden',118),(600,'Portugal',115),(601,'Portugal',104),(602,'France',106),(603,'France',79),(604,'Portugal',81),(605,'Portugal',90),(606,'Sweden',99),(607,'Norway',101),(608,'Greece',112),(609,'France',91),(610,'Portugal',84),(611,'Portugal',94),(612,'Denmark',74),(613,'Portugal',106),(614,'France',103),(615,'Greece',101),(616,'Sweden',102),(617,'Sweden',81),(618,'Sweden',91),(619,'Portugal',91),(620,'Portugal',74),(621,'Portugal',98),(622,'Portugal',93),(623,'Greece',120),(624,'Portugal',101),(625,'Germany',88),(626,'Sweden',97),(627,'Finland',81),(628,'Portugal',117),(629,'Germany',74),(630,'Croatia',113),(631,'France',99),(632,'Sweden',109),(633,'Greece',79),(634,'France',108),(635,'France',72),(636,'Sweden',119),(637,'France',99),(638,'Portugal',110),(639,'France',96),(640,'Portugal',110),(641,'Sweden',117),(642,'Sweden',73),(643,'Sweden',86),(644,'France',106),(645,'Portugal',72),(646,'France',99),(647,'Luxembourg',100),(648,'Sweden',91),(649,'France',95),(650,'Sweden',78),(651,'France',117),(652,'France',78),(653,'Luxembourg',77),(654,'Greece',108),(655,'Sweden',93),(656,'France',81),(657,'Sweden',94),(658,'France',107),(659,'France',91),(660,'France',119),(661,'Portugal',75),(662,'Portugal',105),(663,'Greece',86),(664,'Greece',99),(665,'Sweden',117),(666,'Sweden',112),(667,'Greece',97),(668,'Portugal',83),(669,'Germany',99),(670,'France',82),(671,'Portugal',72),(672,'Sweden',96),(673,'Portugal',100),(674,'Sweden',72),(675,'Sweden',102),(676,'Finland',114),(677,'Portugal',114),(678,'Norway',116),(679,'Finland',80),(680,'Croatia',101),(681,'Norway',72),(682,'Luxembourg',114),(683,'France',75),(684,'Sweden',94),(685,'Germany',98),(686,'Portugal',120),(687,'Portugal',86),(688,'France',118),(689,'Croatia',84),(690,'Finland',75),(691,'Sweden',111),(692,'Greece',86),(693,'Germany',116),(694,'Portugal',100),(695,'Portugal',117),(696,'France',119),(697,'Norway',97),(698,'Sweden',86),(699,'Portugal',80),(700,'Switzerland',78),(701,'Sweden',91),(702,'Denmark',73),(703,'Portugal',116),(704,'Portugal',95),(705,'Portugal',98),(706,'Germany',84),(707,'Norway',110),(708,'Croatia',85),(709,'Sweden',74),(710,'Portugal',85),(711,'Sweden',80),(712,'Portugal',95),(713,'Portugal',93),(714,'Portugal',108),(715,'Finland',116),(716,'France',102),(717,'Greece',77),(718,'Portugal',96),(719,'Portugal',102),(720,'France',118),(721,'Portugal',102),(722,'Croatia',120),(723,'Portugal',86),(724,'Portugal',71),(725,'Portugal',90),(726,'Sweden',106),(727,'Germany',109),(728,'Sweden',103),(729,'France',89),(730,'France',101),(731,'Sweden',86),(732,'France',75),(733,'France',74),(734,'Sweden',96),(735,'France',79),(736,'Germany',89),(737,'Portugal',92),(738,'Portugal',90),(739,'Luxembourg',80),(740,'Sweden',74),(741,'France',79),(742,'Croatia',84),(743,'Greece',73),(744,'Portugal',118),(745,'France',87),(746,'Sweden',78),(747,'Finland',97),(748,'Sweden',83),(749,'Lithuania',87),(750,'Greece',96),(751,'Portugal',111),(752,'Portugal',89),(753,'France',89),(754,'Luxembourg',89),(755,'Portugal',71),(756,'France',79),(757,'France',77),(758,'Denmark',90),(759,'Sweden',77),(760,'Portugal',118),(761,'Greece',90),(762,'Luxembourg',80),(763,'Sweden',98),(764,'Portugal',74),(765,'Portugal',89),(766,'Germany',71),(767,'Sweden',114),(768,'Portugal',109),(769,'Croatia',102),(770,'Portugal',120),(771,'Greece',84),(772,'Portugal',78),(773,'Norway',120),(774,'France',74),(775,'France',87),(776,'Croatia',84),(777,'Luxembourg',109),(778,'France',88),(779,'Portugal',91),(780,'Portugal',105),(781,'Portugal',119),(782,'Greece',82),(783,'Denmark',115),(784,'Lithuania',84),(785,'Portugal',92),(786,'Germany',120),(787,'Sweden',91),(788,'Portugal',74),(789,'France',119),(790,'France',117),(791,'Greece',89),(792,'Norway',91),(793,'France',77),(794,'Greece',105),(795,'Portugal',76),(796,'Portugal',73),(797,'France',103),(798,'Sweden',75),(799,'Finland',79),(800,'Portugal',85),(801,'Sweden',116),(802,'Sweden',111),(803,'France',85),(804,'Germany',73),(805,'Greece',92),(806,'Portugal',111),(807,'France',117),(808,'Norway',107),(809,'Norway',93),(810,'Croatia',105),(811,'Sweden',81),(812,'Switzerland',113),(813,'France',90),(814,'France',74),(815,'Sweden',113),(816,'Sweden',86),(817,'Portugal',88),(818,'Sweden',76),(819,'Portugal',108),(820,'Sweden',82),(821,'Norway',108),(822,'Greece',80),(823,'Greece',88),(824,'Sweden',89),(825,'Greece',81),(826,'Portugal',93),(827,'Greece',116),(828,'Greece',108),(829,'Greece',79),(830,'Croatia',116),(831,'Norway',101),(832,'Croatia',99),(833,'France',92),(834,'Portugal',71),(835,'Sweden',77),(836,'Portugal',117),(837,'Sweden',115),(838,'Sweden',104),(839,'Belgium',85),(840,'France',80),(841,'Denmark',100),(842,'France',103),(843,'Finland',118),(844,'Sweden',82),(845,'Sweden',87),(846,'Lithuania',76),(847,'Greece',83),(848,'France',107),(849,'Portugal',108),(850,'Sweden',108),(851,'Germany',83),(852,'Norway',118),(853,'Croatia',106),(854,'Greece',117),(855,'Sweden',72),(856,'Sweden',71),(857,'France',85),(858,'Norway',73),(859,'Croatia',75),(860,'Belgium',114),(861,'Switzerland',79),(862,'Portugal',107),(863,'Portugal',105),(864,'Portugal',85),(865,'Sweden',76),(866,'Greece',119),(867,'Norway',118),(868,'Italy',88),(869,'Portugal',87),(870,'Portugal',96),(871,'Sweden',117),(872,'Sweden',89),(873,'Portugal',80),(874,'Greece',115),(875,'Croatia',118),(876,'France',96),(877,'Lithuania',112),(878,'Sweden',99),(879,'Portugal',100),(880,'Croatia',114),(881,'Portugal',101),(882,'Portugal',97),(883,'Greece',83),(884,'Portugal',79),(885,'Portugal',103),(886,'Greece',108),(887,'Luxembourg',74),(888,'France',78),(889,'Finland',94),(890,'Portugal',106),(891,'Luxembourg',91),(892,'Portugal',84),(893,'Portugal',108),(894,'Sweden',117),(895,'Sweden',109),(896,'France',107),(897,'Norway',119),(898,'Finland',81),(899,'Greece',84),(900,'Greece',87),(901,'France',80),(902,'Lithuania',89),(903,'Finland',105),(904,'France',113),(905,'France',86),(906,'Greece',96),(907,'Greece',107),(908,'France',90),(909,'Portugal',102),(910,'Portugal',109),(911,'Portugal',117),(912,'Greece',90),(913,'France',101),(914,'Portugal',94),(915,'Sweden',92),(916,'Greece',71),(917,'Germany',97),(918,'Greece',110),(919,'Switzerland',74),(920,'France',105),(921,'Sweden',111),(922,'Germany',93),(923,'France',90),(924,'Sweden',80),(925,'Norway',79),(926,'France',99),(927,'Greece',113),(928,'Portugal',98),(929,'Sweden',92),(930,'Germany',84),(931,'Portugal',119),(932,'Finland',111),(933,'Greece',105),(934,'Sweden',117),(935,'France',102),(936,'Lithuania',118),(937,'Sweden',119),(938,'Portugal',84),(939,'France',81),(940,'Sweden',78),(941,'Lithuania',117),(942,'Greece',71),(943,'Croatia',117),(944,'Sweden',110),(945,'France',107),(946,'Switzerland',99),(947,'Sweden',116),(948,'Portugal',75),(949,'France',110),(950,'Portugal',111),(951,'Portugal',74),(952,'Croatia',83),(953,'Croatia',85),(954,'Croatia',71),(955,'Lithuania',92),(956,'Greece',85),(957,'Finland',120),(958,'Greece',91),(959,'Sweden',86),(960,'Croatia',84),(961,'Greece',97),(962,'Portugal',79),(963,'Germany',118),(964,'Sweden',81),(965,'Sweden',85),(966,'Austria',120),(967,'Norway',99),(968,'Sweden',75),(969,'Luxembourg',92),(970,'Portugal',111),(971,'France',90),(972,'Croatia',117),(973,'France',115),(974,'France',79),(975,'France',84),(976,'Portugal',76),(977,'Sweden',107),(978,'Austria',101),(979,'Portugal',85),(980,'Portugal',98),(981,'France',92),(982,'Sweden',93),(983,'Sweden',79),(984,'Greece',90),(985,'France',71),(986,'Norway',78),(987,'Portugal',85),(988,'Italy',82),(989,'Sweden',101),(990,'France',92),(991,'Portugal',104),(992,'France',71),(993,'France',115),(994,'France',75),(995,'Greece',71),(996,'France',115),(997,'Denmark',91),(998,'France',97),(999,'France',87),(1000,'Sweden',119);
/*!40000 ALTER TABLE `gara` ENABLE KEYS */;
UNLOCK TABLES;

--
-- Table structure for table `gareggia`
--

DROP TABLE IF EXISTS `gareggia`;
/*!40101 SET @saved_cs_client = @@character_set_client */;
/*!50503 SET character_set_client = utf8mb4 */;
CREATE TABLE `gareggia` (
`IdCiclista` int NOT NULL,
`IdGara` int NOT NULL,
`Piazzamento` int DEFAULT NULL,
PRIMARY KEY (`IdCiclista`,`IdGara`)
) ENGINE=InnoDB DEFAULT CHARSET=utf8mb4 COLLATE=utf8mb4_0900_ai_ci;
/*!40101 SET character_set_client = @saved_cs_client */;

--
-- Dumping data for table `gareggia`
--

LOCK TABLES `gareggia` WRITE;
/*!40000 ALTER TABLE `gareggia` DISABLE KEYS */;
INSERT INTO `gareggia` VALUES (1,20,38),(2,38,25),(2,50,32),(2,66,39),(2,320,5),(2,751,19),(3,2,46),(3,17,41),(3,25,17),(3,37,3),(3,82,1),(4,25,8),(5,12,38),(5,44,27),(5,64,41),(5,69,24),(5,397,9),(5,408,25),(5,413,10),(5,720,36),(5,843,46),(6,13,39),(6,18,17),(6,29,2),(6,74,12),(6,125,38),(6,355,37),(6,657,27),(6,845,42),(6,951,30),(7,71,37),(7,134,18),(7,286,49),(8,1,43),(8,8,45),(8,52,11),(8,194,16),(8,285,3),(8,384,7),(8,550,49),(9,2,43),(9,263,33),(9,949,24),(10,10,4),(10,11,32),(10,21,22),(10,28,31),(10,301,15),(10,566,43),(10,645,11),(11,20,7),(11,33,2),(11,67,48),(11,862,15),(11,939,38),(12,46,28),(12,782,30),(12,800,32),(13,472,43),(14,1,17),(14,33,19),(14,75,42),(14,168,1),(14,919,24),(15,130,43),(15,991,22),(16,74,50),(16,161,17),(16,317,35),(16,688,47),(17,677,12),(18,327,50),(18,686,10),(18,975,39),(19,15,47),(19,374,31),(19,474,17),(19,777,39),(20,50,10),(20,70,13),(20,93,23),(20,98,33),(20,300,31),(21,36,19),(21,531,29),(21,735,6),(22,273,42),(22,755,18),(22,998,11),(23,6,1),(23,72,50),(23,430,37),(24,99,50),(24,127,31),(24,138,12),(24,210,27),(24,232,12),(24,865,38),(25,464,29),(25,510,9),(26,517,2),(26,567,35),(27,25,21),(27,34,6),(27,71,38),(27,97,6),(27,947,2),(28,280,6),(29,57,14),(29,86,9),(29,293,20),(29,343,12),(29,407,27),(30,25,16),(30,88,22),(30,92,40),(30,909,5),(30,933,17),(31,32,11),(31,54,45),(32,635,18),(32,726,19),(33,62,44),(33,96,20),(33,287,23),(33,846,43),(34,56,11),(34,93,29),(34,123,16),(34,494,49),(34,713,43),(35,31,39),(35,98,11),(35,893,33),(36,59,16),(36,350,8),(36,729,6),(37,51,35),(38,100,25),(38,678,48),(38,813,4),(38,833,7),(38,962,49),(39,196,37),(39,577,38),(40,5,16),(41,70,47),(41,384,6),(41,839,10),(41,961,26),(42,17,10),(43,40,36),(43,70,13),(43,83,37),(43,86,45),(43,97,17),(43,826,15),(43,970,50),(44,208,12),(44,446,29),(45,7,7),(45,9,22),(45,114,17),(45,731,27),(45,756,50),(45,817,9),(45,938,38),(45,957,24),(47,380,27),(47,793,4),(47,804,38),(47,988,18),(48,295,3),(48,732,19),(48,894,34),(49,727,28),(50,13,28),(50,309,25),(51,799,35),(52,175,25),(53,69,24),(53,70,50),(53,268,20),(54,8,8),(54,61,39),(55,69,36),(56,135,6),(56,193,50),(56,578,29),(57,40,5),(57,88,43),(58,15,38),(58,24,18),(58,56,28),(58,70,14),(58,76,38),(58,149,27),(58,993,21),(59,87,31),(59,92,47),(59,348,34),(59,678,16),(59,968,37),(60,288,45),(61,41,32),(61,163,32),(62,424,27),(63,21,10),(63,22,38),(63,119,14),(64,132,34),(64,317,35),(65,9,4),(65,65,25),(66,897,43),(67,214,10),(67,296,35),(67,709,7),(68,62,5),(68,113,1),(68,439,36),(68,446,10),(68,779,7),(68,782,5),(68,783,4),(69,246,49),(69,377,15),(69,444,33),(70,169,41),(70,316,41),(71,7,35),(71,13,44),(71,215,19),(72,98,22),(72,777,9),(72,786,35),(72,994,21),(73,56,16),(73,479,21),(73,716,14),(74,92,16),(74,605,49),(74,757,37),(75,46,50),(75,600,42),(76,173,47),(76,229,23),(76,577,34),(76,658,39),(77,19,9),(77,248,49),(77,894,22),(77,968,4),(78,86,13),(78,97,2),(78,513,44),(78,650,15),(78,754,25),(79,25,10),(79,148,20),(79,480,19),(80,98,8),(80,109,8),(80,519,12),(80,828,44),(81,19,38),(81,332,2),(81,447,16),(81,722,31),(82,55,5),(82,534,35),(82,756,41),(82,999,42),(83,66,30),(83,732,28),(84,203,36),(85,76,27),(85,252,16),(85,415,8),(85,940,39),(86,16,27),(86,73,38),(86,387,1),(86,446,41),(86,905,10),(87,41,47),(87,49,20),(87,517,17),(88,26,35),(88,686,21),(88,891,24),(89,133,3),(89,587,5),(90,17,3),(90,155,46),(90,551,47),(91,55,28),(91,816,31),(92,18,35),(92,201,28),(92,298,19),(92,468,24),(92,766,4),(92,778,30),(94,793,32),(94,794,41),(95,21,17),(95,30,20),(95,33,3),(95,180,8),(95,568,21),(95,813,19),(96,83,16),(96,782,19),(97,5,47),(97,868,45),(97,899,15),(98,67,33),(98,106,40),(98,679,10),(98,834,3),(98,947,23),(99,664,45),(100,25,4),(100,418,37),(100,475,16),(100,515,50),(100,597,15),(101,187,33),(101,648,32),(103,511,23),(103,968,26),(104,895,1),(104,908,33),(106,20,34),(106,137,31),(106,426,47),(106,601,46),(107,237,18),(107,770,9),(107,901,29),(109,491,17),(110,113,40),(111,242,50),(111,810,40),(111,895,45),(112,307,2),(112,690,37),(114,111,47),(114,568,4),(114,934,25),(115,718,37),(116,382,44),(116,797,49),(116,848,23),(117,163,27),(117,521,3),(117,530,10),(117,695,50),(118,418,16),(120,92,30),(120,97,12),(121,586,22),(121,752,31),(121,758,4),(122,246,27),(122,570,36),(122,803,31),(123,583,46),(123,657,33),(124,445,29),(125,364,40),(125,644,22),(125,671,48),(125,741,10),(125,853,36),(126,194,46),(126,880,27),(127,203,15),(127,615,33),(127,678,23),(127,785,50),(128,28,25),(128,461,39),(128,599,24),(128,673,21),(128,917,16),(129,833,2),(130,3,19),(131,546,11),(132,256,1),(132,333,13),(132,541,17),(134,145,46),(134,344,43),(134,795,20),(134,841,13),(134,991,19),(135,188,31),(135,648,12),(136,354,43),(136,757,41),(136,999,15),(137,53,21),(137,826,44),(139,121,25),(139,405,28),(139,487,50),(139,581,47),(139,622,45),(139,993,9),(140,99,17),(140,523,27),(140,846,25),(141,284,50),(142,54,30),(142,159,32),(143,712,13),(143,795,2),(144,812,4),(145,47,12),(145,335,7),(145,588,49),(145,624,28),(145,805,34),(146,26,13),(146,290,19),(146,354,28),(146,499,41),(147,555,47),(148,505,34),(148,895,39),(149,193,33),(150,414,48),(153,162,24),(153,259,12),(153,329,13),(153,505,43),(153,560,27),(153,748,26),(155,542,35),(155,666,46),(155,777,42),(156,83,7),(156,418,17),(157,121,34),(157,685,50),(157,884,47),(158,11,3),(158,77,47),(159,373,39),(159,578,41),(159,742,50),(159,917,3),(160,22,45),(160,108,27),(160,332,25),(161,526,4),(162,48,17),(162,887,15),(164,767,44),(165,617,40),(165,810,22),(165,990,18),(166,295,9),(166,558,18),(167,597,47),(168,414,39),(168,483,31),(168,550,30),(169,951,48),(169,981,42),(170,70,22),(170,544,11),(170,632,42),(171,759,33),(172,641,12),(172,701,39),(172,963,5),(173,980,1),(174,98,45),(174,312,48),(174,434,32),(175,253,39),(175,820,48),(176,87,39),(176,997,8),(177,23,26),(177,356,30),(177,988,50),(178,128,6),(179,45,41),(179,613,27),(180,663,27),(181,727,20),(182,933,34),(185,739,25),(185,870,16),(186,120,31),(186,246,34),(188,410,46),(188,746,28),(189,217,27),(190,133,33),(191,298,8),(192,246,25),(192,565,7),(192,891,11),(193,167,43),(193,247,44),(193,860,19),(194,34,9),(194,249,21),(195,289,21),(195,359,3),(196,15,30),(196,72,20),(196,85,8),(196,137,22),(196,166,21),(196,640,13),(196,825,12),(197,307,43),(197,370,32),(198,167,31),(198,525,2),(198,559,38),(198,763,42),(199,673,47),(199,686,8),(200,988,50),(201,789,10),(201,890,30),(202,836,45),(202,966,24),(203,443,39),(203,558,36),(203,788,37),(203,900,38),(203,929,3),(206,359,47),(206,446,50),(208,22,34),(208,158,25),(208,923,37),(209,6,30),(209,367,46),(209,480,23),(210,309,47),(210,866,44),(210,985,3),(211,466,9),(211,586,9),(211,977,18),(212,193,41),(212,204,34),(212,889,2),(213,824,17),(214,687,10),(214,997,25),(215,900,31),(215,904,35),(216,216,17),(216,297,34),(216,682,6),(217,359,47),(218,169,41),(218,870,41),(219,167,28),(219,571,2),(219,842,33),(220,6,8),(220,520,11),(220,590,44),(221,762,6),(222,811,29),(222,975,21),(222,996,35),(223,516,45),(223,567,47),(223,938,2),(224,774,30),(225,268,16),(225,845,6),(225,882,19),(225,978,37),(226,184,38),(226,292,39),(226,776,18),(227,344,17),(229,299,32),(229,530,17),(229,803,48),(229,961,41),(229,966,42),(231,684,25),(231,868,31),(231,871,4),(232,508,26),(232,553,29),(232,608,50),(232,966,34),(233,266,3),(234,257,20),(234,631,41),(235,512,26),(235,530,24),(236,332,9),(236,620,32),(236,766,5),(236,861,45),(237,85,4),(237,407,47),(237,598,42),(238,448,27),(238,573,44),(238,696,10),(238,740,31),(238,821,11),(239,947,11),(240,342,38),(240,742,12),(241,367,2),(241,784,50),(241,979,47),(242,205,43),(242,586,30),(242,754,14),(244,245,42),(245,69,4),(245,796,29),(246,629,23),(246,865,27),(246,886,28),(247,95,31),(247,350,5),(247,364,41),(247,551,14),(248,32,17),(249,266,46),(249,781,7),(249,801,33),(250,437,26),(250,654,4),(250,822,6),(251,205,5),(251,240,50),(251,278,38),(251,838,8),(252,134,3),(252,828,11),(252,850,36),(253,396,30),(253,655,43),(253,788,15),(254,843,43),(254,905,35),(255,862,31),(256,160,22),(256,509,5),(256,709,29),(257,186,46),(257,217,31),(257,233,26),(258,951,23),(259,82,48),(259,654,1),(259,674,27),(259,719,12),(260,300,35),(260,943,18),(261,745,48),(262,151,1),(262,668,25),(262,761,4),(262,799,24),(263,18,45),(263,296,47),(263,571,37),(264,344,14),(264,580,47),(265,7,48),(265,110,15),(265,122,7),(266,219,14),(266,323,2),(266,543,28),(268,132,27),(268,437,27),(268,739,2),(269,367,7),(269,401,46),(270,24,2),(270,210,13),(270,839,23),(272,223,32),(272,225,12),(272,567,23),(272,945,26),(274,175,40),(275,57,50),(276,315,34),(276,631,40),(277,361,10),(277,868,14),(278,152,2),(278,269,4),(278,530,25),(279,39,43),(279,764,45),(280,365,46),(280,371,7),(280,484,26),(280,519,22),(281,229,11),(281,427,49),(281,496,25),(281,719,11),(282,139,38),(282,457,11),(282,552,42),(283,151,30),(283,646,9),(283,718,44),(283,743,42),(284,984,15),(286,902,9),(287,401,24),(287,558,49),(287,713,20),(287,768,50),(287,897,45),(288,48,31),(288,870,15),(289,949,24),(290,294,38),(291,267,26),(291,300,46),(291,601,50),(291,827,13),(292,300,3),(292,565,4),(293,145,13),(293,385,49),(293,542,43),(294,67,18),(294,288,4),(295,662,6),(295,827,41),(296,959,43),(297,325,27),(297,701,12),(298,209,41),(298,459,21),(298,606,23),(298,711,33),(299,269,30),(301,495,16),(301,508,29),(302,450,1),(302,769,47),(303,259,50),(304,165,1),(304,237,36),(304,255,13),(304,819,34),(304,897,14),(304,966,38),(305,384,30),(305,809,36),(306,135,2),(306,469,30),(306,560,7),(306,779,44),(307,479,13),(307,528,48),(307,685,39),(307,851,37),(308,362,39),(309,45,30),(309,212,19),(309,722,2),(310,708,38),(311,687,49),(312,44,16),(312,583,49),(313,277,1),(313,917,37),(314,59,36),(314,84,2),(314,451,23),(314,710,10),(315,219,41),(315,287,49),(316,95,2),(316,172,39),(316,540,36),(316,562,10),(316,679,37),(317,590,15),(317,805,31),(318,164,11),(318,364,3),(318,575,22),(318,873,17),(319,413,49),(319,626,44),(320,297,1),(320,395,41),(320,902,37),(321,280,2),(321,728,46),(322,475,35),(322,560,4),(322,797,3),(323,15,35),(324,286,44),(324,304,6),(324,399,6),(324,860,5),(325,275,22),(325,574,35),(325,856,20),(326,137,18),(326,754,32),(327,473,24),(328,216,32),(328,352,35),(329,204,24),(329,347,1),(329,379,38),(329,735,50),(329,837,27),(329,974,40),(330,412,30),(330,462,3),(330,622,25),(331,752,33),(331,943,7),(332,769,38),(332,806,6),(335,738,44),(336,221,8),(337,68,13),(337,78,48),(338,552,47),(338,572,27),(338,681,6),(339,688,18),(339,935,9),(340,935,14),(342,14,48),(342,348,18),(342,565,29),(343,210,22),(344,508,5),(344,576,50),(344,769,5),(345,787,21),(346,60,44),(346,68,32),(346,130,49),(346,332,10),(347,82,2),(347,801,1),(348,18,49),(348,232,10),(348,634,33),(349,781,40),(349,828,40),(350,366,1),(350,668,50),(352,71,11),(352,687,36),(353,615,22),(353,774,50),(354,6,15),(354,386,19),(355,93,27),(355,551,32),(355,897,23),(356,140,49),(356,712,16),(356,952,21),(356,987,15),(357,263,50),(358,744,11),(358,800,5),(358,962,5),(359,843,22),(360,682,41),(361,289,45),(362,132,5),(362,405,30),(362,541,50),(362,602,44),(362,804,30),(363,251,11),(363,744,40),(363,784,40),(363,905,30),(365,46,6),(365,842,24),(366,7,45),(367,179,15),(368,494,5),(368,562,21),(368,877,15),(368,927,2),(369,32,41),(369,144,46),(371,761,41),(372,120,40),(372,273,50),(372,752,23),(372,782,10),(372,939,41),(374,76,3),(374,850,15),(375,463,20),(376,174,42),(376,598,39),(376,904,28),(377,335,32),(377,359,17),(377,984,46),(378,340,43),(378,913,37),(379,450,48),(379,544,1),(380,11,41),(381,28,13),(381,37,6),(383,230,35),(383,855,34),(383,921,10),(384,288,48),(384,509,31),(384,575,11),(384,696,32),(384,761,27),(385,528,3),(386,654,38),(387,411,47),(387,824,47),(388,54,3),(388,943,8),(389,3,1),(389,508,25),(389,641,34),(390,304,46),(390,377,23),(390,836,2),(391,292,14),(391,691,15),(391,811,36),(391,843,44),(394,209,1),(394,406,33),(394,838,19),(396,20,44),(396,209,30),(396,482,19),(397,292,29),(397,357,42),(397,903,11),(398,396,7),(398,507,23),(399,5,20),(399,144,33),(399,762,46),(399,838,10),(399,922,4),(400,67,4),(400,190,18),(401,96,47),(401,251,10),(401,757,28),(402,43,19),(404,449,10),(404,785,44),(404,892,17),(405,331,48),(405,787,5),(406,636,12),(407,890,30),(408,927,17),(408,945,33),(409,291,50),(409,377,34),(409,632,4),(409,755,16),(409,778,21),(411,88,24),(411,169,38),(411,410,36),(411,993,44),(413,372,15),(414,632,31),(414,704,40),(415,106,45),(415,226,38),(415,617,24),(416,51,41),(416,558,38),(416,737,32),(417,590,17),(419,107,49),(420,489,10),(420,553,29),(421,132,21),(422,84,31),(422,187,40),(422,227,19),(423,214,8),(423,234,15),(424,61,39),(424,287,50),(424,571,49),(424,704,40),(425,483,44),(425,587,20),(425,659,4),(425,943,2),(426,253,42),(426,375,36),(426,387,50),(426,484,30),(426,916,40),(426,926,37),(427,108,35),(427,322,23),(427,402,32),(427,617,6),(427,687,7),(428,185,8),(428,433,42),(428,436,24),(428,475,45),(428,746,45),(428,860,39),(429,203,6),(429,792,23),(430,813,10),(431,617,39),(432,319,9),(433,16,33),(433,83,29),(433,187,36),(433,583,33),(434,27,22),(434,866,44),(435,79,35),(435,386,18),(435,439,5),(435,536,7),(435,770,35),(436,193,49),(436,660,23),(438,176,49),(438,489,4),(438,873,2),(439,72,27),(440,269,37),(440,373,5),(440,662,20),(441,375,23),(441,446,8),(442,78,13),(443,133,34),(443,741,13),(444,513,7),(444,750,34),(444,911,21),(444,970,50),(445,689,16),(446,80,37),(447,483,20),(447,522,25),(447,611,30),(448,237,3),(448,282,15),(449,387,29),(449,504,42),(449,924,14),(450,346,21),(451,693,2),(452,328,29),(452,446,50),(452,888,22),(453,360,6),(453,487,35),(454,418,25),(454,436,35),(455,167,27),(455,422,6),(456,178,47),(456,335,2),(456,491,15),(456,615,47),(456,937,19),(456,996,34),(457,229,19),(457,423,34),(458,96,8),(458,460,15),(458,910,6),(459,147,22),(459,285,30),(459,729,41),(460,25,41),(460,461,23),(461,77,40),(462,90,32),(462,120,34),(463,455,41),(463,651,35),(464,439,20),(464,739,20),(465,274,30),(465,712,23),(466,17,48),(466,61,41),(466,423,46),(466,949,35),(467,122,44),(467,463,11),(468,173,42),(468,326,34),(468,752,8),(468,765,14),(469,127,49),(469,796,14),(469,875,39),(471,211,42),(471,354,16),(471,673,48),(472,164,7),(472,188,25),(472,745,41),(477,160,42),(477,839,30),(477,928,2),(477,941,15),(478,28,28),(478,725,3),(479,449,35),(479,627,46),(481,280,16),(481,418,29),(481,574,43),(482,434,6),(483,132,1),(483,605,40),(485,10,15),(486,764,29),(487,23,39),(487,536,35),(487,549,25),(487,670,31),(487,779,32),(487,992,12),(488,337,48),(489,46,1),(489,573,18),(490,27,6),(490,125,7),(490,166,13),(490,181,27),(490,371,16),(491,582,20),(491,947,41),(492,355,24),(492,764,17),(492,972,34),(493,539,9),(493,558,46),(493,871,1),(493,924,29),(494,746,28),(495,311,26),(495,854,19),(496,308,33),(496,434,43),(497,398,20),(497,965,14),(498,746,25),(498,867,36),(499,97,33),(500,890,48),(501,111,35),(501,882,42),(502,62,2),(503,61,48),(503,942,32),(504,185,35),(504,885,32),(505,816,48),(506,155,14),(506,246,20),(507,174,38),(507,610,15),(509,570,16),(509,847,24),(509,892,32),(510,25,45),(510,890,50),(511,196,14),(511,268,45),(511,693,5),(512,388,24),(513,5,34),(513,134,34),(513,181,44),(513,316,12),(513,673,21),(514,13,19),(514,274,22),(514,547,3),(514,587,23),(515,406,19),(516,367,25),(516,720,9),(516,798,2),(517,730,17),(518,22,4),(518,177,44),(518,778,18),(519,176,49),(519,300,50),(519,842,40),(520,86,30),(520,162,18),(520,606,17),(520,717,38),(520,904,24),(521,619,26),(521,639,18),(521,798,37),(522,170,39),(522,226,9),(523,331,43),(523,953,11),(524,41,26),(524,548,14),(525,77,4),(525,873,19),(526,197,6),(526,353,4),(526,504,17),(526,968,39),(526,981,46),(527,61,48),(527,177,27),(527,492,26),(527,516,7),(528,279,46),(528,884,5),(529,104,46),(529,394,48),(529,995,30),(530,131,2),(531,337,34),(532,479,5),(532,498,31),(534,306,38),(536,165,26),(536,968,4),(536,972,30),(537,319,28),(538,105,6),(538,867,29),(539,817,6),(539,879,27),(540,415,28),(540,418,45),(541,354,35),(541,571,31),(541,780,34),(542,190,4),(542,364,29),(544,259,42),(544,604,9),(545,43,29),(545,492,5),(545,834,48),(545,999,48),(546,711,14),(547,74,3),(547,362,38),(547,597,11),(548,361,31),(549,292,13),(549,602,48),(549,714,48),(550,595,34),(550,967,40),(552,61,32),(552,557,35),(552,636,42),(552,966,27),(554,251,30),(554,587,20),(555,610,47),(556,290,10),(557,234,18),(557,444,48),(558,107,43),(558,193,50),(558,606,24),(558,648,41),(558,893,32),(558,915,27),(559,124,42),(559,557,16),(559,690,47),(561,147,6),(562,452,24),(562,522,34),(562,734,28),(562,902,11),(563,190,49),(563,299,13),(563,559,28),(564,413,44),(564,772,25),(565,27,6),(565,317,27),(565,935,48),(566,109,19),(566,290,47),(566,353,19),(567,335,49),(569,367,15),(570,95,18),(571,594,24),(572,826,11),(573,174,7),(573,697,13),(574,113,45),(574,297,8),(574,654,47),(575,832,17),(576,713,18),(576,742,44),(577,53,35),(577,356,7),(577,407,29),(577,712,34),(577,823,18),(578,88,14),(578,453,5),(579,529,3),(579,841,22),(580,104,3),(580,468,36),(581,494,26),(581,538,6),(582,21,7),(583,560,7),(583,597,10),(584,389,25),(585,577,50),(585,649,37),(587,25,13),(587,94,41),(587,204,13),(589,144,29),(589,350,3),(590,293,28),(591,711,44),(592,41,38),(592,276,32),(593,74,36),(593,145,45),(593,423,12),(594,219,20),(594,256,46),(594,442,46),(595,53,11),(595,103,36),(595,187,5),(596,79,36),(597,550,32),(597,642,20),(599,28,30),(599,298,2),(600,558,36),(601,28,24),(601,185,42),(601,209,22),(601,538,5),(602,626,37),(602,924,36),(603,698,18),(604,263,50),(604,839,6),(604,891,27),(604,991,3),(605,374,6),(605,387,48),(607,137,34),(607,239,19),(610,272,11),(611,369,9),(611,875,17),(612,273,42),(612,969,31),(613,81,31),(613,149,9),(613,288,40),(613,325,49),(613,624,21),(613,795,26),(613,917,19),(614,407,35),(614,563,46),(615,44,30),(615,356,10),(615,402,43),(615,856,19),(615,948,38),(616,553,5),(616,835,16),(616,838,45),(618,91,15),(618,178,26),(618,201,38),(618,217,21),(619,59,6),(619,584,48),(620,512,2),(620,796,19),(620,815,30),(621,83,15),(623,74,37),(623,510,36),(623,596,41),(623,630,45),(624,370,39),(624,521,8),(624,837,39),(626,283,25),(626,832,8),(628,50,25),(629,41,47),(629,103,23),(629,892,1),(630,192,46),(630,365,18),(630,554,1),(630,626,13),(631,44,43),(631,211,36),(631,308,8),(631,824,5),(634,565,37),(634,932,40),(635,253,36),(636,457,49),(637,137,18),(638,76,27),(639,217,41),(639,373,32),(640,69,40),(640,587,26),(640,763,5),(640,787,36),(641,765,10),(642,13,24),(642,749,11),(642,809,20),(643,571,24),(644,508,46),(645,67,32),(645,297,33),(645,677,17),(646,771,21),(646,940,47),(647,400,30),(648,566,20),(648,627,26),(649,716,12),(649,971,14),(650,82,33),(651,741,32),(651,956,10),(651,982,22),(652,310,27),(652,456,42),(652,533,10),(653,193,14),(653,440,41),(653,622,25),(653,650,50),(654,728,27),(654,995,30),(655,347,24),(655,664,5),(656,188,41),(656,367,11),(656,427,31),(657,182,17),(657,186,12),(657,234,21),(657,365,44),(657,537,15),(657,547,21),(657,628,20),(659,916,47),(660,629,26),(661,658,23),(661,908,40),(662,695,1),(662,852,14),(662,949,20),(663,107,36),(663,408,11),(663,559,49),(663,706,41),(663,724,20),(664,33,4),(664,194,1),(664,890,47),(666,270,44),(666,737,20),(667,246,7),(667,376,30),(668,761,37),(669,1,41),(669,554,49),(670,21,32),(670,106,12),(670,242,48),(670,349,43),(670,661,21),(670,951,28),(671,595,5),(673,152,11),(673,197,29),(674,72,7),(674,398,23),(675,238,32),(675,813,3),(676,404,12),(677,52,18),(677,236,38),(678,356,35),(678,366,26),(678,456,39),(678,874,32),(679,188,25),(679,258,23),(679,498,15),(679,518,3),(679,861,7),(680,307,17),(682,51,28),(682,351,41),(684,935,44),(685,113,13),(686,135,5),(686,298,44),(686,391,1),(686,457,31),(686,967,38),(687,165,6),(687,232,36),(688,212,17),(688,619,47),(688,696,49),(689,146,27),(689,871,41),(690,105,1),(690,805,25),(690,881,41),(690,990,13),(691,280,33),(691,365,48),(691,549,11),(691,728,4),(692,473,33),(692,562,36),(693,856,21),(694,177,2),(694,264,19),(695,72,9),(696,556,33),(696,885,30),(697,414,37),(697,768,12),(697,821,5),(698,343,26),(698,930,11),(699,165,24),(699,238,43),(702,406,31),(705,222,8),(705,344,35),(705,739,9),(705,828,8),(706,487,45),(706,825,45),(709,768,22),(710,331,22),(710,372,2),(710,485,20),(710,862,38),(711,746,42),(711,930,34),(712,112,32),(712,191,17),(712,608,13),(713,46,23),(715,21,35),(715,189,43),(715,431,29),(716,247,48),(716,330,2),(716,673,6),(717,807,6),(718,427,1),(718,598,32),(718,725,26),(718,731,48),(718,974,4),(719,324,46),(719,335,24),(720,52,19),(720,879,38),(721,234,30),(722,361,39),(722,460,8),(722,556,19),(722,826,4),(723,918,20),(724,307,23),(724,461,36),(725,458,1),(725,812,22),(725,953,25),(726,517,32),(726,906,44),(727,25,3),(727,760,8),(728,335,32),(728,350,3),(728,607,50),(730,53,42),(730,475,11),(730,530,31),(730,777,28),(731,85,45),(731,206,4),(731,543,7),(731,923,28),(732,65,9),(732,238,18),(733,248,47),(733,412,29),(734,60,29),(734,669,7),(734,896,41),(735,333,34),(735,370,9),(735,381,16),(736,180,30),(736,836,14),(736,894,42),(737,441,23),(738,340,1),(738,350,37),(738,373,11),(738,640,26),(738,874,43),(739,129,9),(739,503,36),(740,5,46),(740,830,25),(741,153,4),(741,476,19),(741,565,24),(741,803,39),(741,813,13),(741,903,25),(742,208,48),(742,642,43),(742,710,2),(744,418,34),(744,567,36),(745,589,40),(746,762,1),(746,957,26),(747,73,34),(747,153,8),(747,728,44),(749,41,8),(749,364,23),(749,908,8),(750,847,32),(751,193,42),(751,562,49),(751,697,20),(752,751,42),(752,775,39),(753,153,24),(753,572,35),(755,184,38),(756,493,19),(756,540,10),(756,956,50),(756,974,33),(757,403,50),(757,546,25),(757,559,2),(759,252,35),(760,140,17),(760,257,20),(760,888,29),(761,39,45),(761,491,36),(761,980,46),(762,867,37),(762,903,5),(763,84,35),(763,190,16),(763,632,4),(763,786,46),(763,890,10),(764,458,17),(764,882,15),(766,190,12),(766,359,36),(768,650,28),(769,380,11),(769,703,19),(770,101,17),(770,224,44),(772,187,36),(772,878,46),(772,905,26),(773,229,12),(773,279,3),(773,606,29),(774,87,38),(774,395,17),(775,300,25),(775,610,49),(775,723,25),(775,830,12),(775,864,2),(776,287,40),(776,544,22),(777,204,5),(777,369,10),(777,924,2),(777,948,12),(778,127,48),(778,668,26),(779,330,49),(779,705,9),(779,729,18),(780,423,24),(780,425,13),(781,421,11),(781,615,3),(782,327,35),(782,389,28),(782,924,22),(783,35,22),(783,456,26),(783,669,43),(784,374,49),(784,683,23),(784,744,41),(785,75,3),(785,630,37),(786,162,35),(786,591,20),(787,166,37),(787,299,26),(787,742,36),(788,482,21),(788,543,37),(789,546,38),(789,620,18),(790,511,40),(791,234,37),(792,78,9),(792,479,45),(792,535,36),(793,417,29),(793,645,17),(793,912,24),(793,958,4),(794,249,11),(794,664,49),(794,959,2),(795,188,35),(795,260,41),(795,427,27),(795,567,20),(795,864,27),(796,253,9),(796,841,24),(796,877,35),(797,736,43),(797,771,29),(797,887,46),(797,945,41),(798,537,37),(798,580,1),(798,906,38),(799,594,49),(799,741,39),(800,438,45),(801,98,50),(801,213,46),(801,364,12),(801,773,37),(801,980,23),(802,480,9),(802,558,36),(802,572,4),(802,969,21),(803,981,45),(804,704,3),(804,764,31),(805,572,25),(808,185,14),(808,212,44),(808,538,33),(808,576,13),(809,152,42),(809,295,40),(809,344,23),(809,379,11),(810,42,35),(810,118,34),(810,225,42),(810,685,50),(810,781,2),(811,745,19),(812,338,9),(813,450,46),(813,844,18),(814,38,23),(814,503,15),(814,619,38),(814,750,3),(814,972,1),(816,43,34),(816,933,6),(817,605,47),(817,901,34),(818,862,4),(818,909,39),(819,470,38),(820,338,29),(820,433,8),(820,569,48),(821,132,39),(821,541,45),(822,331,12),(822,719,49),(823,943,1),(824,645,37),(825,246,40),(825,327,47),(825,825,28),(825,953,32),(826,199,33),(826,619,8),(828,383,17),(830,475,1),(831,58,38),(833,24,26),(833,751,1),(833,896,33),(833,931,2),(834,130,10),(834,272,20),(834,505,34),(835,746,29),(836,177,26),(836,208,9),(836,721,42),(837,530,30),(837,904,17),(838,151,20),(839,280,45),(839,297,24),(839,342,43),(839,380,15),(839,636,19),(840,131,43),(840,202,38),(840,332,27),(840,542,47),(841,24,33),(841,183,33),(842,355,17),(843,484,47),(843,754,16),(844,711,29),(846,60,14),(847,604,21),(848,334,1),(848,698,16),(848,731,30),(850,297,7),(850,430,4),(852,788,1),(853,192,36),(853,909,45),(854,393,26),(854,642,32),(855,66,46),(855,187,1),(856,62,46),(856,514,11),(856,906,2),(857,736,2),(857,865,10),(858,579,15),(859,54,1),(859,297,19),(859,739,34),(860,74,25),(860,662,50),(860,970,41),(861,59,18),(861,569,12),(861,924,4),(862,599,21),(862,745,42),(864,101,8),(864,351,43),(865,4,19),(865,607,28),(865,759,22),(865,916,27),(867,18,3),(867,181,14),(867,950,27),(868,370,42),(868,621,2),(869,142,37),(869,413,12),(869,505,48),(869,653,39),(869,868,6),(870,395,49),(870,447,28),(871,75,25),(871,272,30),(871,879,1),(872,254,23),(872,439,40),(872,491,45),(873,866,7),(874,313,50),(874,559,36),(875,259,35),(875,831,45),(875,891,13),(876,210,33),(876,353,19),(876,506,48),(876,863,4),(878,215,8),(878,587,46),(879,53,47),(879,457,15),(880,454,7),(881,78,10),(881,194,22),(882,409,46),(882,495,29),(882,678,48),(882,736,34),(883,381,31),(884,28,33),(884,188,43),(884,403,46),(884,555,37),(884,639,46),(884,760,49),(884,829,10),(884,884,6),(885,91,37),(885,546,23),(885,770,37),(886,259,5),(886,423,19),(886,476,12),(886,668,9),(887,117,31),(887,608,49),(887,852,20),(888,28,5),(888,109,8),(888,629,9),(888,933,44),(889,62,42),(889,98,11),(889,751,42),(889,804,23),(889,823,12),(890,384,15),(890,733,9),(891,590,22),(891,646,32),(892,740,17),(892,870,24),(893,258,25),(893,473,33),(893,538,15),(893,548,9),(894,873,21),(895,303,40),(896,120,29),(896,461,34),(897,472,10),(897,894,34),(898,218,5),(898,551,41),(898,653,2),(898,800,24),(899,6,31),(899,127,40),(900,413,15),(900,737,10),(901,1,3),(901,249,50),(901,349,18),(901,534,15),(901,678,28),(901,753,6),(901,942,21),(902,114,20),(902,375,34),(902,686,17),(902,817,48),(903,957,20),(904,3,45),(904,329,17),(904,893,11),(905,423,29),(905,985,32),(906,565,43),(906,983,4),(907,309,39),(907,783,29),(907,803,3),(907,859,3),(908,437,45),(908,762,25),(910,528,18),(910,682,25),(910,873,30),(911,935,45),(912,208,14),(912,789,40),(913,349,45),(913,442,23),(913,498,37),(913,742,26),(914,475,45),(914,664,49),(914,786,11),(914,999,24),(915,368,16),(915,807,26),(916,540,8),(917,236,48),(918,142,18),(918,248,27),(918,429,25),(918,568,11),(918,772,44),(918,931,4),(918,970,20),(919,102,40),(919,449,10),(919,906,25),(920,821,40),(921,181,44),(922,225,8),(922,356,49),(922,668,10),(924,170,11),(924,350,18),(925,219,44),(925,247,35),(925,794,5),(926,699,18),(927,211,41),(927,221,26),(927,953,26),(929,261,19),(930,103,13),(930,828,14),(931,424,4),(931,535,8),(932,157,25),(932,939,30),(932,971,12),(933,999,19),(934,70,46),(934,396,31),(934,406,1),(934,900,32),(934,992,36),(935,269,24),(935,596,20),(936,6,4),(936,375,26),(936,735,46),(937,313,42),(937,740,25),(937,947,19),(938,430,49),(938,737,33),(939,128,49),(939,553,12),(940,474,25),(941,121,28),(941,153,19),(941,511,12),(941,660,19),(942,250,44),(942,399,18),(942,889,19),(943,80,49),(943,578,49),(943,613,1),(945,195,49),(947,202,16),(947,556,24),(947,709,21),(947,930,38),(948,138,33),(948,169,45),(948,423,38),(949,356,13),(949,420,10),(949,460,28),(949,619,9),(949,985,19),(950,101,28),(950,377,22),(950,379,19),(950,445,12),(951,189,15),(952,951,24),(953,269,40),(953,307,1),(953,897,11),(954,79,27),(954,615,36),(955,501,11),(955,822,28),(957,289,16),(957,299,47),(957,710,28),(957,853,8),(958,2,24),(958,366,40),(958,434,43),(958,735,46),(959,857,12),(960,388,10),(960,731,35),(961,648,35),(961,716,28),(962,900,28),(963,570,1),(963,913,24),(964,954,9),(965,74,42),(966,694,29),(967,542,47),(967,634,4),(967,843,4),(967,915,44),(968,404,14),(968,521,4),(968,705,18),(968,857,28),(969,523,14),(970,555,26),(970,959,48),(971,43,48),(972,68,48),(972,544,28),(973,441,27),(973,904,12),(974,217,30),(974,356,37),(975,147,39),(975,271,43),(975,313,4),(975,764,2),(975,973,28),(976,154,45),(976,622,21),(977,55,15),(977,479,35),(978,302,24),(978,465,22),(978,848,18),(979,937,14),(980,646,32),(980,649,45),(981,267,25),(981,884,38),(982,166,10),(982,318,27),(982,580,40),(983,227,37),(983,597,29),(984,118,13),(984,246,40),(985,25,31),(985,126,2),(985,423,23),(986,148,44),(986,172,23),(987,221,36),(987,260,4),(987,318,35),(987,943,13),(988,699,30),(988,999,21),(990,47,38),(990,245,9),(990,622,46),(990,888,22),(991,47,41),(991,165,37),(991,240,28),(991,582,45),(992,197,43),(992,608,3),(993,223,4),(993,678,50),(994,344,48),(994,434,34),(994,642,33),(994,647,45),(994,738,19),(994,972,32),(995,243,12),(995,493,43),(995,927,11),(996,158,3),(996,191,38),(996,290,32),(996,659,15),(996,705,25),(996,889,10),(997,223,42),(997,270,17),(997,506,4),(998,394,25),(999,601,46),(999,676,32),(1000,644,43);
/*!40000 ALTER TABLE `gareggia` ENABLE KEYS */;
UNLOCK TABLES;
/*!40103 SET TIME_ZONE=@OLD_TIME_ZONE */;

/*!40101 SET SQL_MODE=@OLD_SQL_MODE */;
/*!40014 SET FOREIGN_KEY_CHECKS=@OLD_FOREIGN_KEY_CHECKS */;
/*!40014 SET UNIQUE_CHECKS=@OLD_UNIQUE_CHECKS */;
/*!40101 SET CHARACTER_SET_CLIENT=@OLD_CHARACTER_SET_CLIENT */;
/*!40101 SET CHARACTER_SET_RESULTS=@OLD_CHARACTER_SET_RESULTS */;
/*!40101 SET COLLATION_CONNECTION=@OLD_COLLATION_CONNECTION */;
/*!40111 SET SQL_NOTES=@OLD_SQL_NOTES */;

-- Dump completed on 2020-12-13 10:20:57